i,i_config,i_term,f,f_config,f_term,Ei,Ef,Gamma
0,4f14.6s2,1S0,1,4f14.6s.6p,3P0*,0 c·h/cm,17288.439 c·h/cm,0 Mrad/s
0,4f14.6s2,1S0,2,4f14.6s.6p,3P1*,0 c·h/cm,17992.007 c·h/cm,1.15 Mrad/s
0,4f14.6s2,1S0,7,4f14.6s.6p,1P1*,0 c·h/cm,25068.222 c·h/cm,192 Mrad/s
0,4f14.6s2,1S0,15,4f13.(2F*<7/2>).5d<5/2>.6s2,"(7/2,5/2)1*",0 c·h/cm,28857.014 c·h/cm,68.3 Mrad/s
0,4f14.6s2,1S0,27,4f13.(2F*).5d2.6s?,Ionization Limit,0 c·h/cm,37414.59 c·h/cm,14.3 Mrad/s
0,4f14.6s2,1S0,37,4f14.6s.7p,1P1*,0 c·h/cm,40563.97 c·h/cm,100 Mrad/s
1,4f14.6s.6p,3P0*,5,4f14.5d.6s,3D1,17288.439 c·h/cm,24489.102 c·h/cm,0 Mrad/s
1,4f14.6s.6p,3P0*,7,4f14.6s.6p,1P1*,17288.439 c·h/cm,25068.222 c·h/cm,0 Mrad/s
1,4f14.6s.6p,3P0*,15,4f13.(2F*<7/2>).5d<5/2>.6s2,"(7/2,5/2)1*",17288.439 c·h/cm,28857.014 c·h/cm,0 Mrad/s
1,4f14.6s.6p,3P0*,21,4f14.6s.7s,3S1,17288.439 c·h/cm,32694.692 c·h/cm,0 Mrad/s
1,4f14.6s.6p,3P0*,22,4f14.6s.7s,1S0,17288.439 c·h/cm,34350.65 c·h/cm,0 Mrad/s
1,4f14.6s.6p,3P0*,27,4f13.(2F*).5d2.6s?,Ionization Limit,17288.439 c·h/cm,37414.59 c·h/cm,0 Mrad/s
1,4f14.6s.6p,3P0*,28,4f14.6s.7p,3P0*,17288.439 c·h/cm,38090.71 c·h/cm,0 Mrad/s
1,4f14.6s.6p,3P0*,29,4f14.6s.7p,3P1*,17288.439 c·h/cm,38174.17 c·h/cm,0 Mrad/s
1,4f14.6s.6p,3P0*,30,4f13.(2F*).5d2.6s?,Ionization Limit,17288.439 c·h/cm,38422.36 c·h/cm,0 Mrad/s
1,4f14.6s.6p,3P0*,32,4f14.6s.6d,3D1,17288.439 c·h/cm,39808.72 c·h/cm,0 Mrad/s
1,4f14.6s.6p,3P0*,37,4f14.6s.7p,1P1*,17288.439 c·h/cm,40563.97 c·h/cm,0 Mrad/s
1,4f14.6s.6p,3P0*,38,4f14.6s.8s,3S1,17288.439 c·h/cm,41615.04 c·h/cm,0 Mrad/s
1,4f14.6s.6p,3P0*,40,4f14.6s.8s,1S0,17288.439 c·h/cm,41939.9 c·h/cm,0 Mrad/s
1,4f14.6s.6p,3P0*,41,4f13.(2F*<7/2>) .5d.(2D).6s.6p.(3P*) (4F*<5/2>),"(7/2,5/2)1",17288.439 c·h/cm,42436.7 c·h/cm,0 Mrad/s
1,4f14.6s.6p,3P0*,42,4f14.6p2,3P0,17288.439 c·h/cm,42436.91 c·h/cm,0 Mrad/s
1,4f14.6s.6p,3P0*,51,,Ionization Limit,17288.439 c·h/cm,43532.77 c·h/cm,0 Mrad/s
1,4f14.6s.6p,3P0*,52,4f14.6s.8p,3P0*,17288.439 c·h/cm,43614.27 c·h/cm,0 Mrad/s
1,4f14.6s.6p,3P0*,53,4f14.6s.8p,3P1*,17288.439 c·h/cm,43659.38 c·h/cm,0 Mrad/s
1,4f14.6s.6p,3P0*,54,4f14.6p2,3P1,17288.439 c·h/cm,43805.42 c·h/cm,0 Mrad/s
1,4f14.6s.6p,3P0*,58,4f14.6s.8p,1P1*,17288.439 c·h/cm,44017.6 c·h/cm,0 Mrad/s
1,4f14.6s.6p,3P0*,61,4f14.6s.7d,3D1,17288.439 c·h/cm,44311.38 c·h/cm,0 Mrad/s
1,4f14.6s.6p,3P0*,69,4f13.(2F*<5/2>).6s2.6p<3/2>,"(5/2,3/2)1",17288.439 c·h/cm,44834.61 c·h/cm,0 Mrad/s
1,4f14.6s.6p,3P0*,71,4f14.6s.9s,3S1,17288.439 c·h/cm,45121.37 c·h/cm,0 Mrad/s
1,4f14.6s.6p,3P0*,73,,Ionization Limit,17288.439 c·h/cm,45181.69 c·h/cm,0 Mrad/s
1,4f14.6s.6p,3P0*,78,4f13.(2F*<7/2>) .5d.(2D).6s.6p.(3P*) (4F*<7/2>),"(7/2,7/2)1",17288.439 c·h/cm,45595.14 c·h/cm,0 Mrad/s
2,4f14.6s.6p,3P1*,4,4f13.(2F*<7/2>).5d<3/2>.6s2,"(7/2,3/2)2*",17992.007 c·h/cm,23188.518 c·h/cm,0 Mrad/s
2,4f14.6s.6p,3P1*,5,4f14.5d.6s,3D1,17992.007 c·h/cm,24489.102 c·h/cm,0 Mrad/s
2,4f14.6s.6p,3P1*,6,4f14.5d.6s,3D2,17992.007 c·h/cm,24751.948 c·h/cm,0 Mrad/s
2,4f14.6s.6p,3P1*,7,4f14.6s.6p,1P1*,17992.007 c·h/cm,25068.222 c·h/cm,0 Mrad/s
2,4f14.6s.6p,3P1*,12,4f14.5d.6s,1D2,17992.007 c·h/cm,27677.665 c·h/cm,0 Mrad/s
2,4f14.6s.6p,3P1*,14,4f13.(2F*<7/2>).5d<5/2>.6s2,"(7/2,5/2)2*",17992.007 c·h/cm,28195.96 c·h/cm,0 Mrad/s
2,4f14.6s.6p,3P1*,15,4f13.(2F*<7/2>).5d<5/2>.6s2,"(7/2,5/2)1*",17992.007 c·h/cm,28857.014 c·h/cm,0 Mrad/s
2,4f14.6s.6p,3P1*,21,4f14.6s.7s,3S1,17992.007 c·h/cm,32694.692 c·h/cm,0 Mrad/s
2,4f14.6s.6p,3P1*,22,4f14.6s.7s,1S0,17992.007 c·h/cm,34350.65 c·h/cm,0 Mrad/s
2,4f14.6s.6p,3P1*,24,4f13.(2F*<7/2>).6s2.6p<3/2>,"(7/2,3/2)2",17992.007 c·h/cm,35196.98 c·h/cm,0 Mrad/s
2,4f14.6s.6p,3P1*,27,4f13.(2F*).5d2.6s?,Ionization Limit,17992.007 c·h/cm,37414.59 c·h/cm,0 Mrad/s
2,4f14.6s.6p,3P1*,28,4f14.6s.7p,3P0*,17992.007 c·h/cm,38090.71 c·h/cm,0 Mrad/s
2,4f14.6s.6p,3P1*,29,4f14.6s.7p,3P1*,17992.007 c·h/cm,38174.17 c·h/cm,0 Mrad/s
2,4f14.6s.6p,3P1*,30,4f13.(2F*).5d2.6s?,Ionization Limit,17992.007 c·h/cm,38422.36 c·h/cm,0 Mrad/s
2,4f14.6s.6p,3P1*,31,4f14.6s.7p,3P2*,17992.007 c·h/cm,38551.93 c·h/cm,0 Mrad/s
2,4f14.6s.6p,3P1*,32,4f14.6s.6d,3D1,17992.007 c·h/cm,39808.72 c·h/cm,0 Mrad/s
2,4f14.6s.6p,3P1*,33,4f14.6s.6d,3D2,17992.007 c·h/cm,39838.04 c·h/cm,0 Mrad/s
2,4f14.6s.6p,3P1*,34,4f13.(2F*<7/2>) .5d.(2D).6s.6p.(3P*) (4F*<3/2>),"(7/2,3/2)2",17992.007 c·h/cm,39880.26 c·h/cm,0 Mrad/s
2,4f14.6s.6p,3P1*,36,4f14.6s.6d,1D2,17992.007 c·h/cm,40061.51 c·h/cm,0 Mrad/s
2,4f14.6s.6p,3P1*,37,4f14.6s.7p,1P1*,17992.007 c·h/cm,40563.97 c·h/cm,0 Mrad/s
2,4f14.6s.6p,3P1*,38,4f14.6s.8s,3S1,17992.007 c·h/cm,41615.04 c·h/cm,0 Mrad/s
2,4f14.6s.6p,3P1*,40,4f14.6s.8s,1S0,17992.007 c·h/cm,41939.9 c·h/cm,0 Mrad/s
2,4f14.6s.6p,3P1*,41,4f13.(2F*<7/2>) .5d.(2D).6s.6p.(3P*) (4F*<5/2>),"(7/2,5/2)1",17992.007 c·h/cm,42436.7 c·h/cm,0 Mrad/s
2,4f14.6s.6p,3P1*,42,4f14.6p2,3P0,17992.007 c·h/cm,42436.91 c·h/cm,0 Mrad/s
2,4f14.6s.6p,3P1*,43,4f13.(2F*<5/2>).6s2.6p<1/2>,"(5/2,1/2)2",17992.007 c·h/cm,42531.87 c·h/cm,0 Mrad/s
2,4f14.6s.6p,3P1*,44,,Ionization Limit,17992.007 c·h/cm,42647.72 c·h/cm,0 Mrad/s
2,4f14.6s.6p,3P1*,45,,Ionization Limit,17992.007 c·h/cm,42725.76 c·h/cm,0 Mrad/s
2,4f14.6s.6p,3P1*,47,4f13.(2F*<7/2>) .5d.(2D).6s.6p.(3P*) (4F*<5/2>),Ionization Limit,17992.007 c·h/cm,43224.78 c·h/cm,0 Mrad/s
2,4f14.6s.6p,3P1*,51,,Ionization Limit,17992.007 c·h/cm,43532.77 c·h/cm,0 Mrad/s
2,4f14.6s.6p,3P1*,52,4f14.6s.8p,3P0*,17992.007 c·h/cm,43614.27 c·h/cm,0 Mrad/s
2,4f14.6s.6p,3P1*,53,4f14.6s.8p,3P1*,17992.007 c·h/cm,43659.38 c·h/cm,0 Mrad/s
2,4f14.6s.6p,3P1*,54,4f14.6p2,3P1,17992.007 c·h/cm,43805.42 c·h/cm,0 Mrad/s
2,4f14.6s.6p,3P1*,55,4f14.6s.8p,3P2*,17992.007 c·h/cm,43805.69 c·h/cm,0 Mrad/s
2,4f14.6s.6p,3P1*,58,4f14.6s.8p,1P1*,17992.007 c·h/cm,44017.6 c·h/cm,0 Mrad/s
2,4f14.6s.6p,3P1*,60,,Ionization Limit,17992.007 c·h/cm,44251.88 c·h/cm,0 Mrad/s
2,4f14.6s.6p,3P1*,61,4f14.6s.7d,3D1,17992.007 c·h/cm,44311.38 c·h/cm,0 Mrad/s
2,4f14.6s.6p,3P1*,62,4f14.6s.7d,3D2,17992.007 c·h/cm,44313.05 c·h/cm,0 Mrad/s
2,4f14.6s.6p,3P1*,63,4f14.6s.7d,1D2,17992.007 c·h/cm,44357.6 c·h/cm,0 Mrad/s
2,4f14.6s.6p,3P1*,68,4f14.6p2,3P2,17992.007 c·h/cm,44760.37 c·h/cm,0 Mrad/s
2,4f14.6s.6p,3P1*,69,4f13.(2F*<5/2>).6s2.6p<3/2>,"(5/2,3/2)1",17992.007 c·h/cm,44834.61 c·h/cm,0 Mrad/s
2,4f14.6s.6p,3P1*,71,4f14.6s.9s,3S1,17992.007 c·h/cm,45121.37 c·h/cm,0 Mrad/s
2,4f14.6s.6p,3P1*,72,,Ionization Limit,17992.007 c·h/cm,45155.33 c·h/cm,0 Mrad/s
2,4f14.6s.6p,3P1*,73,,Ionization Limit,17992.007 c·h/cm,45181.69 c·h/cm,0 Mrad/s
2,4f14.6s.6p,3P1*,74,4f13.(2F*<7/2>) .5d.(2D).6s.6p.(3P*) (2D*<5/2>),Ionization Limit,17992.007 c·h/cm,45338.53 c·h/cm,0 Mrad/s
2,4f14.6s.6p,3P1*,78,4f13.(2F*<7/2>) .5d.(2D).6s.6p.(3P*) (4F*<7/2>),"(7/2,7/2)1",17992.007 c·h/cm,45595.14 c·h/cm,0 Mrad/s
2,4f14.6s.6p,3P1*,80,4f13.(2F*<5/2>).6s2.6p<3/2>,"(5/2,3/2)2",17992.007 c·h/cm,45913.86 c·h/cm,0 Mrad/s
2,4f14.6s.6p,3P1*,82,4f14.6s.9p,3P1*,17992.007 c·h/cm,46078.91 c·h/cm,0 Mrad/s
2,4f14.6s.6p,3P1*,83,4f13.(2F*<7/2>) .5d.(2D).6s.6p.(3P*) (4F*<7/2>),"(7/2,7/2)0",17992.007 c·h/cm,46081.54 c·h/cm,0 Mrad/s
2,4f14.6s.6p,3P1*,84,4f14.6s.9p,3P0*,17992.007 c·h/cm,46082.17 c·h/cm,0 Mrad/s
2,4f14.6s.6p,3P1*,85,,Ionization Limit,17992.007 c·h/cm,46174.21 c·h/cm,0 Mrad/s
2,4f14.6s.6p,3P1*,86,4f14.6s.9p,3P2*,17992.007 c·h/cm,46184.15 c·h/cm,0 Mrad/s
2,4f14.6s.6p,3P1*,88,4f14.6s.9p,1P1*,17992.007 c·h/cm,46370.3 c·h/cm,0 Mrad/s
2,4f14.6s.6p,3P1*,90,4f13.(2F*<7/2>) .5d.(2D).6s.6p.(3P*) (4F*<3/2>),Ionization Limit,17992.007 c·h/cm,46431.49 c·h/cm,0 Mrad/s
2,4f14.6s.6p,3P1*,91,4f14.6s.8d,3D1,17992.007 c·h/cm,46444.96 c·h/cm,0 Mrad/s
2,4f14.6s.6p,3P1*,92,4f14.6s.8d,3D2,17992.007 c·h/cm,46467.7 c·h/cm,0 Mrad/s
3,4f14.6s.6p,3P2*,6,4f14.5d.6s,3D2,19710.388 c·h/cm,24751.948 c·h/cm,0 Mrad/s
3,4f14.6s.6p,3P2*,7,4f14.6s.6p,1P1*,19710.388 c·h/cm,25068.222 c·h/cm,0 Mrad/s
3,4f14.6s.6p,3P2*,8,4f14.5d.6s,3D3,19710.388 c·h/cm,25270.902 c·h/cm,0 Mrad/s
3,4f14.6s.6p,3P2*,11,4f13.(2F*<7/2>).5d<3/2>.6s2,"(7/2,3/2)3*",19710.388 c·h/cm,27445.638 c·h/cm,0 Mrad/s
3,4f14.6s.6p,3P2*,12,4f14.5d.6s,1D2,19710.388 c·h/cm,27677.665 c·h/cm,0 Mrad/s
3,4f14.6s.6p,3P2*,14,4f13.(2F*<7/2>).5d<5/2>.6s2,"(7/2,5/2)2*",19710.388 c·h/cm,28195.96 c·h/cm,0 Mrad/s
3,4f14.6s.6p,3P2*,15,4f13.(2F*<7/2>).5d<5/2>.6s2,"(7/2,5/2)1*",19710.388 c·h/cm,28857.014 c·h/cm,0 Mrad/s
3,4f14.6s.6p,3P2*,17,4f13.(2F*<7/2>).5d<5/2>.6s2,"(7/2,5/2)3*",19710.388 c·h/cm,30207.38 c·h/cm,0 Mrad/s
3,4f14.6s.6p,3P2*,19,4f13.(2F*<7/2>).6s2.6p<1/2>,"(7/2,1/2)3",19710.388 c·h/cm,32065.282 c·h/cm,0 Mrad/s
3,4f14.6s.6p,3P2*,21,4f14.6s.7s,3S1,19710.388 c·h/cm,32694.692 c·h/cm,0 Mrad/s
3,4f14.6s.6p,3P2*,24,4f13.(2F*<7/2>).6s2.6p<3/2>,"(7/2,3/2)2",19710.388 c·h/cm,35196.98 c·h/cm,0 Mrad/s
3,4f14.6s.6p,3P2*,25,4f13.(2F*<7/2>).6s2.6p<3/2>,"(7/2,3/2)3",19710.388 c·h/cm,35807.52 c·h/cm,0 Mrad/s
3,4f14.6s.6p,3P2*,27,4f13.(2F*).5d2.6s?,Ionization Limit,19710.388 c·h/cm,37414.59 c·h/cm,0 Mrad/s
3,4f14.6s.6p,3P2*,29,4f14.6s.7p,3P1*,19710.388 c·h/cm,38174.17 c·h/cm,0 Mrad/s
3,4f14.6s.6p,3P2*,30,4f13.(2F*).5d2.6s?,Ionization Limit,19710.388 c·h/cm,38422.36 c·h/cm,0 Mrad/s
3,4f14.6s.6p,3P2*,31,4f14.6s.7p,3P2*,19710.388 c·h/cm,38551.93 c·h/cm,0 Mrad/s
3,4f14.6s.6p,3P2*,32,4f14.6s.6d,3D1,19710.388 c·h/cm,39808.72 c·h/cm,0 Mrad/s
3,4f14.6s.6p,3P2*,33,4f14.6s.6d,3D2,19710.388 c·h/cm,39838.04 c·h/cm,0 Mrad/s
3,4f14.6s.6p,3P2*,34,4f13.(2F*<7/2>) .5d.(2D).6s.6p.(3P*) (4F*<3/2>),"(7/2,3/2)2",19710.388 c·h/cm,39880.26 c·h/cm,0 Mrad/s
3,4f14.6s.6p,3P2*,35,4f14.6s.6d,3D3,19710.388 c·h/cm,39966.09 c·h/cm,0 Mrad/s
3,4f14.6s.6p,3P2*,36,4f14.6s.6d,1D2,19710.388 c·h/cm,40061.51 c·h/cm,0 Mrad/s
3,4f14.6s.6p,3P2*,37,4f14.6s.7p,1P1*,19710.388 c·h/cm,40563.97 c·h/cm,0 Mrad/s
3,4f14.6s.6p,3P2*,38,4f14.6s.8s,3S1,19710.388 c·h/cm,41615.04 c·h/cm,0 Mrad/s
3,4f14.6s.6p,3P2*,39,4f13.(2F*<7/2>) .5d.(2D).6s.6p.(3P*) (4F*<5/2>),Ionization Limit,19710.388 c·h/cm,41827.3 c·h/cm,0 Mrad/s
3,4f14.6s.6p,3P2*,41,4f13.(2F*<7/2>) .5d.(2D).6s.6p.(3P*) (4F*<5/2>),"(7/2,5/2)1",19710.388 c·h/cm,42436.7 c·h/cm,0 Mrad/s
3,4f14.6s.6p,3P2*,43,4f13.(2F*<5/2>).6s2.6p<1/2>,"(5/2,1/2)2",19710.388 c·h/cm,42531.87 c·h/cm,0 Mrad/s
3,4f14.6s.6p,3P2*,44,,Ionization Limit,19710.388 c·h/cm,42647.72 c·h/cm,0 Mrad/s
3,4f14.6s.6p,3P2*,45,,Ionization Limit,19710.388 c·h/cm,42725.76 c·h/cm,0 Mrad/s
3,4f14.6s.6p,3P2*,47,4f13.(2F*<7/2>) .5d.(2D).6s.6p.(3P*) (4F*<5/2>),Ionization Limit,19710.388 c·h/cm,43224.78 c·h/cm,0 Mrad/s
3,4f14.6s.6p,3P2*,48,,Ionization Limit,19710.388 c·h/cm,43254.78 c·h/cm,0 Mrad/s
3,4f14.6s.6p,3P2*,49,,Ionization Limit,19710.388 c·h/cm,43297.51 c·h/cm,0 Mrad/s
3,4f14.6s.6p,3P2*,51,,Ionization Limit,19710.388 c·h/cm,43532.77 c·h/cm,0 Mrad/s
3,4f14.6s.6p,3P2*,53,4f14.6s.8p,3P1*,19710.388 c·h/cm,43659.38 c·h/cm,0 Mrad/s
3,4f14.6s.6p,3P2*,54,4f14.6p2,3P1,19710.388 c·h/cm,43805.42 c·h/cm,0 Mrad/s
3,4f14.6s.6p,3P2*,55,4f14.6s.8p,3P2*,19710.388 c·h/cm,43805.69 c·h/cm,0 Mrad/s
3,4f14.6s.6p,3P2*,57,,Ionization Limit,19710.388 c·h/cm,43815.67 c·h/cm,0 Mrad/s
3,4f14.6s.6p,3P2*,58,4f14.6s.8p,1P1*,19710.388 c·h/cm,44017.6 c·h/cm,0 Mrad/s
3,4f14.6s.6p,3P2*,60,,Ionization Limit,19710.388 c·h/cm,44251.88 c·h/cm,0 Mrad/s
3,4f14.6s.6p,3P2*,61,4f14.6s.7d,3D1,19710.388 c·h/cm,44311.38 c·h/cm,0 Mrad/s
3,4f14.6s.6p,3P2*,62,4f14.6s.7d,3D2,19710.388 c·h/cm,44313.05 c·h/cm,0 Mrad/s
3,4f14.6s.6p,3P2*,63,4f14.6s.7d,1D2,19710.388 c·h/cm,44357.6 c·h/cm,0 Mrad/s
3,4f14.6s.6p,3P2*,64,4f14.6s.7d,3D3,19710.388 c·h/cm,44380.82 c·h/cm,0 Mrad/s
3,4f14.6s.6p,3P2*,66,,Ionization Limit,19710.388 c·h/cm,44453.47 c·h/cm,0 Mrad/s
3,4f14.6s.6p,3P2*,67,4f13.(2F*<7/2>) .5d.(2D).6s.6p.(3P*) (4F*<7/2>),Ionization Limit,19710.388 c·h/cm,44713.12 c·h/cm,0 Mrad/s
3,4f14.6s.6p,3P2*,68,4f14.6p2,3P2,19710.388 c·h/cm,44760.37 c·h/cm,0 Mrad/s
3,4f14.6s.6p,3P2*,69,4f13.(2F*<5/2>).6s2.6p<3/2>,"(5/2,3/2)1",19710.388 c·h/cm,44834.61 c·h/cm,0 Mrad/s
3,4f14.6s.6p,3P2*,71,4f14.6s.9s,3S1,19710.388 c·h/cm,45121.37 c·h/cm,0 Mrad/s
3,4f14.6s.6p,3P2*,72,,Ionization Limit,19710.388 c·h/cm,45155.33 c·h/cm,0 Mrad/s
3,4f14.6s.6p,3P2*,73,,Ionization Limit,19710.388 c·h/cm,45181.69 c·h/cm,0 Mrad/s
3,4f14.6s.6p,3P2*,74,4f13.(2F*<7/2>) .5d.(2D).6s.6p.(3P*) (2D*<5/2>),Ionization Limit,19710.388 c·h/cm,45338.53 c·h/cm,0 Mrad/s
3,4f14.6s.6p,3P2*,76,4f13.(2F*<7/2>) .5d.(2D).6s.6p.(3P*) (4F*<3/2>),"(7/2,3/2)3",19710.388 c·h/cm,45462.54 c·h/cm,0 Mrad/s
3,4f14.6s.6p,3P2*,78,4f13.(2F*<7/2>) .5d.(2D).6s.6p.(3P*) (4F*<7/2>),"(7/2,7/2)1",19710.388 c·h/cm,45595.14 c·h/cm,0 Mrad/s
3,4f14.6s.6p,3P2*,80,4f13.(2F*<5/2>).6s2.6p<3/2>,"(5/2,3/2)2",19710.388 c·h/cm,45913.86 c·h/cm,0 Mrad/s
3,4f14.6s.6p,3P2*,82,4f14.6s.9p,3P1*,19710.388 c·h/cm,46078.91 c·h/cm,0 Mrad/s
3,4f14.6s.6p,3P2*,85,,Ionization Limit,19710.388 c·h/cm,46174.21 c·h/cm,0 Mrad/s
3,4f14.6s.6p,3P2*,86,4f14.6s.9p,3P2*,19710.388 c·h/cm,46184.15 c·h/cm,0 Mrad/s
3,4f14.6s.6p,3P2*,87,,Ionization Limit,19710.388 c·h/cm,46251.06 c·h/cm,0 Mrad/s
3,4f14.6s.6p,3P2*,88,4f14.6s.9p,1P1*,19710.388 c·h/cm,46370.3 c·h/cm,0 Mrad/s
3,4f14.6s.6p,3P2*,89,4f13.(2F*<7/2>) .5d.(2D).6s.6p.(3P*) (4D*<1/2>),Ionization Limit,19710.388 c·h/cm,46395.6 c·h/cm,0 Mrad/s
3,4f14.6s.6p,3P2*,90,4f13.(2F*<7/2>) .5d.(2D).6s.6p.(3P*) (4F*<3/2>),Ionization Limit,19710.388 c·h/cm,46431.49 c·h/cm,0 Mrad/s
3,4f14.6s.6p,3P2*,91,4f14.6s.8d,3D1,19710.388 c·h/cm,46444.96 c·h/cm,0 Mrad/s
3,4f14.6s.6p,3P2*,92,4f14.6s.8d,3D2,19710.388 c·h/cm,46467.7 c·h/cm,0 Mrad/s
3,4f14.6s.6p,3P2*,93,4f14.6s.8d,3D3,19710.388 c·h/cm,46480.65 c·h/cm,0 Mrad/s
3,4f14.6s.6p,3P2*,95,4f14.6s.10s,3S1,19710.388 c·h/cm,46877.1 c·h/cm,0 Mrad/s
3,4f14.6s.6p,3P2*,98,,Ionization Limit,19710.388 c·h/cm,47055.05 c·h/cm,0 Mrad/s
3,4f14.6s.6p,3P2*,100,,Ionization Limit,19710.388 c·h/cm,47325.19 c·h/cm,0 Mrad/s
3,4f14.6s.6p,3P2*,102,,Ionization Limit,19710.388 c·h/cm,47332.26 c·h/cm,0 Mrad/s
3,4f14.6s.6p,3P2*,103,4f14.5d2?,Ionization Limit,19710.388 c·h/cm,47341.82 c·h/cm,0 Mrad/s
3,4f14.6s.6p,3P2*,105,4f14.6s.(2S<1/2>).10p<1/2>,"(1/2,1/2)1*",19710.388 c·h/cm,47420.93 c·h/cm,0 Mrad/s
3,4f14.6s.6p,3P2*,106,4f14.6s.9d?,1D2,19710.388 c·h/cm,47420.96 c·h/cm,0 Mrad/s
3,4f14.6s.6p,3P2*,107,4f14.6s.(2S<1/2>).10p<3/2>,"(1/2,3/2)2*",19710.388 c·h/cm,47471.1 c·h/cm,0 Mrad/s
3,4f14.6s.6p,3P2*,108,4f14.6s.(2S<1/2>).10p<3/2>,"(1/2,3/2)1*",19710.388 c·h/cm,47498.83 c·h/cm,0 Mrad/s
3,4f14.6s.6p,3P2*,109,,Ionization Limit,19710.388 c·h/cm,47584.34 c·h/cm,0 Mrad/s
3,4f14.6s.6p,3P2*,112,4f13.(2F*<7/2>) .5d.(2D).6s.6p.(3P*) (4F*<5/2>)?,Ionization Limit,19710.388 c·h/cm,47645.4 c·h/cm,0 Mrad/s
3,4f14.6s.6p,3P2*,113,,Ionization Limit,19710.388 c·h/cm,47646.62 c·h/cm,0 Mrad/s
3,4f14.6s.6p,3P2*,114,4f13.(2F*<7/2>) .5d.(2D).6s.6p.(3P*) (4D*<3/2>)?,Ionization Limit,19710.388 c·h/cm,47673.45 c·h/cm,0 Mrad/s
3,4f14.6s.6p,3P2*,117,4f14.6p2?,1D2,19710.388 c·h/cm,47821.78 c·h/cm,0 Mrad/s
3,4f14.6s.6p,3P2*,118,,Ionization Limit,19710.388 c·h/cm,47843.13 c·h/cm,0 Mrad/s
3,4f14.6s.6p,3P2*,119,,Ionization Limit,19710.388 c·h/cm,47859.31 c·h/cm,0 Mrad/s
3,4f14.6s.6p,3P2*,121,4f14.6s.11s,3S1,19710.388 c·h/cm,47885.81 c·h/cm,0 Mrad/s
3,4f14.6s.6p,3P2*,125,4f13.(2F*<7/2>) .5d.(2D).6s.6p.(3P*) (2D*<3/2>),"(7/2,3/2)2",19710.388 c·h/cm,48135.6 c·h/cm,0 Mrad/s
3,4f14.6s.6p,3P2*,126,,Ionization Limit,19710.388 c·h/cm,48154.71 c·h/cm,0 Mrad/s
3,4f14.6s.6p,3P2*,127,4f14.6s.(2S<1/2>).11p<1/2>,"(1/2,1/2)1*",19710.388 c·h/cm,48212.1 c·h/cm,0 Mrad/s
3,4f14.6s.6p,3P2*,128,,Ionization Limit,19710.388 c·h/cm,48234.12 c·h/cm,0 Mrad/s
3,4f14.6s.6p,3P2*,129,,Ionization Limit,19710.388 c·h/cm,48237.39 c·h/cm,0 Mrad/s
3,4f14.6s.6p,3P2*,130,4f14.6s.(2S<1/2>).11p<3/2>,"(1/2,3/2)1*",19710.388 c·h/cm,48258.47 c·h/cm,0 Mrad/s
4,4f13.(2F*<7/2>).5d<3/2>.6s2,"(7/2,3/2)2*",14,4f13.(2F*<7/2>).5d<5/2>.6s2,"(7/2,5/2)2*",23188.518 c·h/cm,28195.96 c·h/cm,0 Mrad/s
4,4f13.(2F*<7/2>).5d<3/2>.6s2,"(7/2,3/2)2*",15,4f13.(2F*<7/2>).5d<5/2>.6s2,"(7/2,5/2)1*",23188.518 c·h/cm,28857.014 c·h/cm,0 Mrad/s
4,4f13.(2F*<7/2>).5d<3/2>.6s2,"(7/2,3/2)2*",17,4f13.(2F*<7/2>).5d<5/2>.6s2,"(7/2,5/2)3*",23188.518 c·h/cm,30207.38 c·h/cm,0 Mrad/s
4,4f13.(2F*<7/2>).5d<3/2>.6s2,"(7/2,3/2)2*",19,4f13.(2F*<7/2>).6s2.6p<1/2>,"(7/2,1/2)3",23188.518 c·h/cm,32065.282 c·h/cm,0 Mrad/s
4,4f13.(2F*<7/2>).5d<3/2>.6s2,"(7/2,3/2)2*",21,4f14.6s.7s,3S1,23188.518 c·h/cm,32694.692 c·h/cm,0 Mrad/s
4,4f13.(2F*<7/2>).5d<3/2>.6s2,"(7/2,3/2)2*",24,4f13.(2F*<7/2>).6s2.6p<3/2>,"(7/2,3/2)2",23188.518 c·h/cm,35196.98 c·h/cm,0 Mrad/s
4,4f13.(2F*<7/2>).5d<3/2>.6s2,"(7/2,3/2)2*",25,4f13.(2F*<7/2>).6s2.6p<3/2>,"(7/2,3/2)3",23188.518 c·h/cm,35807.52 c·h/cm,0 Mrad/s
4,4f13.(2F*<7/2>).5d<3/2>.6s2,"(7/2,3/2)2*",27,4f13.(2F*).5d2.6s?,Ionization Limit,23188.518 c·h/cm,37414.59 c·h/cm,0 Mrad/s
4,4f13.(2F*<7/2>).5d<3/2>.6s2,"(7/2,3/2)2*",29,4f14.6s.7p,3P1*,23188.518 c·h/cm,38174.17 c·h/cm,0 Mrad/s
4,4f13.(2F*<7/2>).5d<3/2>.6s2,"(7/2,3/2)2*",30,4f13.(2F*).5d2.6s?,Ionization Limit,23188.518 c·h/cm,38422.36 c·h/cm,0 Mrad/s
4,4f13.(2F*<7/2>).5d<3/2>.6s2,"(7/2,3/2)2*",31,4f14.6s.7p,3P2*,23188.518 c·h/cm,38551.93 c·h/cm,0 Mrad/s
4,4f13.(2F*<7/2>).5d<3/2>.6s2,"(7/2,3/2)2*",32,4f14.6s.6d,3D1,23188.518 c·h/cm,39808.72 c·h/cm,0 Mrad/s
4,4f13.(2F*<7/2>).5d<3/2>.6s2,"(7/2,3/2)2*",33,4f14.6s.6d,3D2,23188.518 c·h/cm,39838.04 c·h/cm,0 Mrad/s
4,4f13.(2F*<7/2>).5d<3/2>.6s2,"(7/2,3/2)2*",34,4f13.(2F*<7/2>) .5d.(2D).6s.6p.(3P*) (4F*<3/2>),"(7/2,3/2)2",23188.518 c·h/cm,39880.26 c·h/cm,0 Mrad/s
4,4f13.(2F*<7/2>).5d<3/2>.6s2,"(7/2,3/2)2*",35,4f14.6s.6d,3D3,23188.518 c·h/cm,39966.09 c·h/cm,0 Mrad/s
4,4f13.(2F*<7/2>).5d<3/2>.6s2,"(7/2,3/2)2*",36,4f14.6s.6d,1D2,23188.518 c·h/cm,40061.51 c·h/cm,0 Mrad/s
4,4f13.(2F*<7/2>).5d<3/2>.6s2,"(7/2,3/2)2*",37,4f14.6s.7p,1P1*,23188.518 c·h/cm,40563.97 c·h/cm,0 Mrad/s
4,4f13.(2F*<7/2>).5d<3/2>.6s2,"(7/2,3/2)2*",38,4f14.6s.8s,3S1,23188.518 c·h/cm,41615.04 c·h/cm,0 Mrad/s
4,4f13.(2F*<7/2>).5d<3/2>.6s2,"(7/2,3/2)2*",39,4f13.(2F*<7/2>) .5d.(2D).6s.6p.(3P*) (4F*<5/2>),Ionization Limit,23188.518 c·h/cm,41827.3 c·h/cm,0 Mrad/s
4,4f13.(2F*<7/2>).5d<3/2>.6s2,"(7/2,3/2)2*",41,4f13.(2F*<7/2>) .5d.(2D).6s.6p.(3P*) (4F*<5/2>),"(7/2,5/2)1",23188.518 c·h/cm,42436.7 c·h/cm,0 Mrad/s
4,4f13.(2F*<7/2>).5d<3/2>.6s2,"(7/2,3/2)2*",43,4f13.(2F*<5/2>).6s2.6p<1/2>,"(5/2,1/2)2",23188.518 c·h/cm,42531.87 c·h/cm,0 Mrad/s
4,4f13.(2F*<7/2>).5d<3/2>.6s2,"(7/2,3/2)2*",44,,Ionization Limit,23188.518 c·h/cm,42647.72 c·h/cm,0 Mrad/s
4,4f13.(2F*<7/2>).5d<3/2>.6s2,"(7/2,3/2)2*",45,,Ionization Limit,23188.518 c·h/cm,42725.76 c·h/cm,0 Mrad/s
4,4f13.(2F*<7/2>).5d<3/2>.6s2,"(7/2,3/2)2*",47,4f13.(2F*<7/2>) .5d.(2D).6s.6p.(3P*) (4F*<5/2>),Ionization Limit,23188.518 c·h/cm,43224.78 c·h/cm,0 Mrad/s
4,4f13.(2F*<7/2>).5d<3/2>.6s2,"(7/2,3/2)2*",48,,Ionization Limit,23188.518 c·h/cm,43254.78 c·h/cm,0 Mrad/s
4,4f13.(2F*<7/2>).5d<3/2>.6s2,"(7/2,3/2)2*",49,,Ionization Limit,23188.518 c·h/cm,43297.51 c·h/cm,0 Mrad/s
4,4f13.(2F*<7/2>).5d<3/2>.6s2,"(7/2,3/2)2*",50,4f14.6s.5f,3F2*,23188.518 c·h/cm,43433.85 c·h/cm,0 Mrad/s
4,4f13.(2F*<7/2>).5d<3/2>.6s2,"(7/2,3/2)2*",51,,Ionization Limit,23188.518 c·h/cm,43532.77 c·h/cm,0 Mrad/s
4,4f13.(2F*<7/2>).5d<3/2>.6s2,"(7/2,3/2)2*",53,4f14.6s.8p,3P1*,23188.518 c·h/cm,43659.38 c·h/cm,0 Mrad/s
4,4f13.(2F*<7/2>).5d<3/2>.6s2,"(7/2,3/2)2*",54,4f14.6p2,3P1,23188.518 c·h/cm,43805.42 c·h/cm,0 Mrad/s
4,4f13.(2F*<7/2>).5d<3/2>.6s2,"(7/2,3/2)2*",55,4f14.6s.8p,3P2*,23188.518 c·h/cm,43805.69 c·h/cm,0 Mrad/s
4,4f13.(2F*<7/2>).5d<3/2>.6s2,"(7/2,3/2)2*",57,,Ionization Limit,23188.518 c·h/cm,43815.67 c·h/cm,0 Mrad/s
4,4f13.(2F*<7/2>).5d<3/2>.6s2,"(7/2,3/2)2*",58,4f14.6s.8p,1P1*,23188.518 c·h/cm,44017.6 c·h/cm,0 Mrad/s
4,4f13.(2F*<7/2>).5d<3/2>.6s2,"(7/2,3/2)2*",60,,Ionization Limit,23188.518 c·h/cm,44251.88 c·h/cm,0 Mrad/s
4,4f13.(2F*<7/2>).5d<3/2>.6s2,"(7/2,3/2)2*",61,4f14.6s.7d,3D1,23188.518 c·h/cm,44311.38 c·h/cm,0 Mrad/s
4,4f13.(2F*<7/2>).5d<3/2>.6s2,"(7/2,3/2)2*",62,4f14.6s.7d,3D2,23188.518 c·h/cm,44313.05 c·h/cm,0 Mrad/s
4,4f13.(2F*<7/2>).5d<3/2>.6s2,"(7/2,3/2)2*",63,4f14.6s.7d,1D2,23188.518 c·h/cm,44357.6 c·h/cm,0 Mrad/s
4,4f13.(2F*<7/2>).5d<3/2>.6s2,"(7/2,3/2)2*",64,4f14.6s.7d,3D3,23188.518 c·h/cm,44380.82 c·h/cm,0 Mrad/s
4,4f13.(2F*<7/2>).5d<3/2>.6s2,"(7/2,3/2)2*",66,,Ionization Limit,23188.518 c·h/cm,44453.47 c·h/cm,0 Mrad/s
4,4f13.(2F*<7/2>).5d<3/2>.6s2,"(7/2,3/2)2*",67,4f13.(2F*<7/2>) .5d.(2D).6s.6p.(3P*) (4F*<7/2>),Ionization Limit,23188.518 c·h/cm,44713.12 c·h/cm,0 Mrad/s
4,4f13.(2F*<7/2>).5d<3/2>.6s2,"(7/2,3/2)2*",68,4f14.6p2,3P2,23188.518 c·h/cm,44760.37 c·h/cm,0 Mrad/s
4,4f13.(2F*<7/2>).5d<3/2>.6s2,"(7/2,3/2)2*",69,4f13.(2F*<5/2>).6s2.6p<3/2>,"(5/2,3/2)1",23188.518 c·h/cm,44834.61 c·h/cm,0 Mrad/s
4,4f13.(2F*<7/2>).5d<3/2>.6s2,"(7/2,3/2)2*",71,4f14.6s.9s,3S1,23188.518 c·h/cm,45121.37 c·h/cm,0 Mrad/s
4,4f13.(2F*<7/2>).5d<3/2>.6s2,"(7/2,3/2)2*",72,,Ionization Limit,23188.518 c·h/cm,45155.33 c·h/cm,0 Mrad/s
4,4f13.(2F*<7/2>).5d<3/2>.6s2,"(7/2,3/2)2*",73,,Ionization Limit,23188.518 c·h/cm,45181.69 c·h/cm,0 Mrad/s
4,4f13.(2F*<7/2>).5d<3/2>.6s2,"(7/2,3/2)2*",74,4f13.(2F*<7/2>) .5d.(2D).6s.6p.(3P*) (2D*<5/2>),Ionization Limit,23188.518 c·h/cm,45338.53 c·h/cm,0 Mrad/s
4,4f13.(2F*<7/2>).5d<3/2>.6s2,"(7/2,3/2)2*",76,4f13.(2F*<7/2>) .5d.(2D).6s.6p.(3P*) (4F*<3/2>),"(7/2,3/2)3",23188.518 c·h/cm,45462.54 c·h/cm,0 Mrad/s
4,4f13.(2F*<7/2>).5d<3/2>.6s2,"(7/2,3/2)2*",78,4f13.(2F*<7/2>) .5d.(2D).6s.6p.(3P*) (4F*<7/2>),"(7/2,7/2)1",23188.518 c·h/cm,45595.14 c·h/cm,0 Mrad/s
4,4f13.(2F*<7/2>).5d<3/2>.6s2,"(7/2,3/2)2*",80,4f13.(2F*<5/2>).6s2.6p<3/2>,"(5/2,3/2)2",23188.518 c·h/cm,45913.86 c·h/cm,0 Mrad/s
4,4f13.(2F*<7/2>).5d<3/2>.6s2,"(7/2,3/2)2*",81,4f14.6s.6f,3F2*,23188.518 c·h/cm,45956.27 c·h/cm,0 Mrad/s
4,4f13.(2F*<7/2>).5d<3/2>.6s2,"(7/2,3/2)2*",82,4f14.6s.9p,3P1*,23188.518 c·h/cm,46078.91 c·h/cm,0 Mrad/s
4,4f13.(2F*<7/2>).5d<3/2>.6s2,"(7/2,3/2)2*",85,,Ionization Limit,23188.518 c·h/cm,46174.21 c·h/cm,0 Mrad/s
4,4f13.(2F*<7/2>).5d<3/2>.6s2,"(7/2,3/2)2*",86,4f14.6s.9p,3P2*,23188.518 c·h/cm,46184.15 c·h/cm,0 Mrad/s
4,4f13.(2F*<7/2>).5d<3/2>.6s2,"(7/2,3/2)2*",87,,Ionization Limit,23188.518 c·h/cm,46251.06 c·h/cm,0 Mrad/s
4,4f13.(2F*<7/2>).5d<3/2>.6s2,"(7/2,3/2)2*",88,4f14.6s.9p,1P1*,23188.518 c·h/cm,46370.3 c·h/cm,0 Mrad/s
4,4f13.(2F*<7/2>).5d<3/2>.6s2,"(7/2,3/2)2*",89,4f13.(2F*<7/2>) .5d.(2D).6s.6p.(3P*) (4D*<1/2>),Ionization Limit,23188.518 c·h/cm,46395.6 c·h/cm,0 Mrad/s
4,4f13.(2F*<7/2>).5d<3/2>.6s2,"(7/2,3/2)2*",90,4f13.(2F*<7/2>) .5d.(2D).6s.6p.(3P*) (4F*<3/2>),Ionization Limit,23188.518 c·h/cm,46431.49 c·h/cm,0 Mrad/s
4,4f13.(2F*<7/2>).5d<3/2>.6s2,"(7/2,3/2)2*",91,4f14.6s.8d,3D1,23188.518 c·h/cm,46444.96 c·h/cm,0 Mrad/s
4,4f13.(2F*<7/2>).5d<3/2>.6s2,"(7/2,3/2)2*",92,4f14.6s.8d,3D2,23188.518 c·h/cm,46467.7 c·h/cm,0 Mrad/s
4,4f13.(2F*<7/2>).5d<3/2>.6s2,"(7/2,3/2)2*",93,4f14.6s.8d,3D3,23188.518 c·h/cm,46480.65 c·h/cm,0 Mrad/s
4,4f13.(2F*<7/2>).5d<3/2>.6s2,"(7/2,3/2)2*",95,4f14.6s.10s,3S1,23188.518 c·h/cm,46877.1 c·h/cm,0 Mrad/s
4,4f13.(2F*<7/2>).5d<3/2>.6s2,"(7/2,3/2)2*",98,,Ionization Limit,23188.518 c·h/cm,47055.05 c·h/cm,0 Mrad/s
4,4f13.(2F*<7/2>).5d<3/2>.6s2,"(7/2,3/2)2*",100,,Ionization Limit,23188.518 c·h/cm,47325.19 c·h/cm,0 Mrad/s
4,4f13.(2F*<7/2>).5d<3/2>.6s2,"(7/2,3/2)2*",101,4f14.6s.7f,3F2*,23188.518 c·h/cm,47326.65 c·h/cm,0 Mrad/s
4,4f13.(2F*<7/2>).5d<3/2>.6s2,"(7/2,3/2)2*",102,,Ionization Limit,23188.518 c·h/cm,47332.26 c·h/cm,0 Mrad/s
4,4f13.(2F*<7/2>).5d<3/2>.6s2,"(7/2,3/2)2*",103,4f14.5d2?,Ionization Limit,23188.518 c·h/cm,47341.82 c·h/cm,0 Mrad/s
4,4f13.(2F*<7/2>).5d<3/2>.6s2,"(7/2,3/2)2*",105,4f14.6s.(2S<1/2>).10p<1/2>,"(1/2,1/2)1*",23188.518 c·h/cm,47420.93 c·h/cm,0 Mrad/s
4,4f13.(2F*<7/2>).5d<3/2>.6s2,"(7/2,3/2)2*",106,4f14.6s.9d?,1D2,23188.518 c·h/cm,47420.96 c·h/cm,0 Mrad/s
4,4f13.(2F*<7/2>).5d<3/2>.6s2,"(7/2,3/2)2*",107,4f14.6s.(2S<1/2>).10p<3/2>,"(1/2,3/2)2*",23188.518 c·h/cm,47471.1 c·h/cm,0 Mrad/s
4,4f13.(2F*<7/2>).5d<3/2>.6s2,"(7/2,3/2)2*",108,4f14.6s.(2S<1/2>).10p<3/2>,"(1/2,3/2)1*",23188.518 c·h/cm,47498.83 c·h/cm,0 Mrad/s
4,4f13.(2F*<7/2>).5d<3/2>.6s2,"(7/2,3/2)2*",109,,Ionization Limit,23188.518 c·h/cm,47584.34 c·h/cm,0 Mrad/s
4,4f13.(2F*<7/2>).5d<3/2>.6s2,"(7/2,3/2)2*",110,4f14.5d2?,3F2,23188.518 c·h/cm,47634.41 c·h/cm,0 Mrad/s
4,4f13.(2F*<7/2>).5d<3/2>.6s2,"(7/2,3/2)2*",112,4f13.(2F*<7/2>) .5d.(2D).6s.6p.(3P*) (4F*<5/2>)?,Ionization Limit,23188.518 c·h/cm,47645.4 c·h/cm,0 Mrad/s
4,4f13.(2F*<7/2>).5d<3/2>.6s2,"(7/2,3/2)2*",113,,Ionization Limit,23188.518 c·h/cm,47646.62 c·h/cm,0 Mrad/s
4,4f13.(2F*<7/2>).5d<3/2>.6s2,"(7/2,3/2)2*",114,4f13.(2F*<7/2>) .5d.(2D).6s.6p.(3P*) (4D*<3/2>)?,Ionization Limit,23188.518 c·h/cm,47673.45 c·h/cm,0 Mrad/s
4,4f13.(2F*<7/2>).5d<3/2>.6s2,"(7/2,3/2)2*",117,4f14.6p2?,1D2,23188.518 c·h/cm,47821.78 c·h/cm,0 Mrad/s
4,4f13.(2F*<7/2>).5d<3/2>.6s2,"(7/2,3/2)2*",118,,Ionization Limit,23188.518 c·h/cm,47843.13 c·h/cm,0 Mrad/s
4,4f13.(2F*<7/2>).5d<3/2>.6s2,"(7/2,3/2)2*",119,,Ionization Limit,23188.518 c·h/cm,47859.31 c·h/cm,0 Mrad/s
4,4f13.(2F*<7/2>).5d<3/2>.6s2,"(7/2,3/2)2*",120,4f14.5d2?,3F3,23188.518 c·h/cm,47860.28 c·h/cm,0 Mrad/s
4,4f13.(2F*<7/2>).5d<3/2>.6s2,"(7/2,3/2)2*",121,4f14.6s.11s,3S1,23188.518 c·h/cm,47885.81 c·h/cm,0 Mrad/s
4,4f13.(2F*<7/2>).5d<3/2>.6s2,"(7/2,3/2)2*",125,4f13.(2F*<7/2>) .5d.(2D).6s.6p.(3P*) (2D*<3/2>),"(7/2,3/2)2",23188.518 c·h/cm,48135.6 c·h/cm,0 Mrad/s
4,4f13.(2F*<7/2>).5d<3/2>.6s2,"(7/2,3/2)2*",126,,Ionization Limit,23188.518 c·h/cm,48154.71 c·h/cm,0 Mrad/s
4,4f13.(2F*<7/2>).5d<3/2>.6s2,"(7/2,3/2)2*",127,4f14.6s.(2S<1/2>).11p<1/2>,"(1/2,1/2)1*",23188.518 c·h/cm,48212.1 c·h/cm,0 Mrad/s
4,4f13.(2F*<7/2>).5d<3/2>.6s2,"(7/2,3/2)2*",128,,Ionization Limit,23188.518 c·h/cm,48234.12 c·h/cm,0 Mrad/s
4,4f13.(2F*<7/2>).5d<3/2>.6s2,"(7/2,3/2)2*",129,,Ionization Limit,23188.518 c·h/cm,48237.39 c·h/cm,0 Mrad/s
4,4f13.(2F*<7/2>).5d<3/2>.6s2,"(7/2,3/2)2*",130,4f14.6s.(2S<1/2>).11p<3/2>,"(1/2,3/2)1*",23188.518 c·h/cm,48258.47 c·h/cm,0 Mrad/s
4,4f13.(2F*<7/2>).5d<3/2>.6s2,"(7/2,3/2)2*",131,,Ionization Limit,23188.518 c·h/cm,48309.41 c·h/cm,0 Mrad/s
4,4f13.(2F*<7/2>).5d<3/2>.6s2,"(7/2,3/2)2*",132,,Ionization Limit,23188.518 c·h/cm,48324.89 c·h/cm,0 Mrad/s
4,4f13.(2F*<7/2>).5d<3/2>.6s2,"(7/2,3/2)2*",133,,Ionization Limit,23188.518 c·h/cm,48357.54 c·h/cm,0 Mrad/s
4,4f13.(2F*<7/2>).5d<3/2>.6s2,"(7/2,3/2)2*",134,,Ionization Limit,23188.518 c·h/cm,48360.43 c·h/cm,0 Mrad/s
4,4f13.(2F*<7/2>).5d<3/2>.6s2,"(7/2,3/2)2*",135,,Ionization Limit,23188.518 c·h/cm,48449.27 c·h/cm,0 Mrad/s
4,4f13.(2F*<7/2>).5d<3/2>.6s2,"(7/2,3/2)2*",136,,Ionization Limit,23188.518 c·h/cm,48487.98 c·h/cm,0 Mrad/s
4,4f13.(2F*<7/2>).5d<3/2>.6s2,"(7/2,3/2)2*",137,4f14.6s.12s,3S1,23188.518 c·h/cm,48519.71 c·h/cm,0 Mrad/s
4,4f13.(2F*<7/2>).5d<3/2>.6s2,"(7/2,3/2)2*",138,4f13.(2F*<7/2>) .5d.(2D).6s.6p.(3P*) (4D*<5/2>),Ionization Limit,23188.518 c·h/cm,48647.78 c·h/cm,0 Mrad/s
4,4f13.(2F*<7/2>).5d<3/2>.6s2,"(7/2,3/2)2*",140,,Ionization Limit,23188.518 c·h/cm,48701.6 c·h/cm,0 Mrad/s
4,4f13.(2F*<7/2>).5d<3/2>.6s2,"(7/2,3/2)2*",141,4f14.6s.(2S<1/2>).12p<1/2>,"(1/2,1/2)1*",23188.518 c·h/cm,48719.03 c·h/cm,0 Mrad/s
4,4f13.(2F*<7/2>).5d<3/2>.6s2,"(7/2,3/2)2*",142,4f14.6s.(2S<1/2>).12p<3/2>,"(1/2,3/2)1*",23188.518 c·h/cm,48761.84 c·h/cm,0 Mrad/s
4,4f13.(2F*<7/2>).5d<3/2>.6s2,"(7/2,3/2)2*",145,4f13.(2F*<7/2>) .5d.(2D).6s.6p.(3P*) (4F*<9/2>),"(7/2,9/2)1",23188.518 c·h/cm,48838.33 c·h/cm,0 Mrad/s
4,4f13.(2F*<7/2>).5d<3/2>.6s2,"(7/2,3/2)2*",146,4f13.(2F*<7/2>) .5d.(2D).6s.6p.(3P*) (4F*<9/2>),Ionization Limit,23188.518 c·h/cm,48883.11 c·h/cm,0 Mrad/s
4,4f13.(2F*<7/2>).5d<3/2>.6s2,"(7/2,3/2)2*",147,4f14.6s.13s,3S1,23188.518 c·h/cm,48943.42 c·h/cm,0 Mrad/s
4,4f13.(2F*<7/2>).5d<3/2>.6s2,"(7/2,3/2)2*",148,,Ionization Limit,23188.518 c·h/cm,48965.16 c·h/cm,0 Mrad/s
4,4f13.(2F*<7/2>).5d<3/2>.6s2,"(7/2,3/2)2*",149,,Ionization Limit,23188.518 c·h/cm,49005.74 c·h/cm,0 Mrad/s
4,4f13.(2F*<7/2>).5d<3/2>.6s2,"(7/2,3/2)2*",152,4f14.6s.(2S<1/2>).13p<1/2>,"(1/2,1/2)1*",23188.518 c·h/cm,49110.07 c·h/cm,0 Mrad/s
4,4f13.(2F*<7/2>).5d<3/2>.6s2,"(7/2,3/2)2*",153,4f14.6s.(2S<1/2>).13p<3/2>,"(1/2,3/2)1*",23188.518 c·h/cm,49127.38 c·h/cm,0 Mrad/s
4,4f13.(2F*<7/2>).5d<3/2>.6s2,"(7/2,3/2)2*",154,4f13.(2F*<7/2>) .5d.(2D).6s.6p.(3P*) (4F*<9/2>),Ionization Limit,23188.518 c·h/cm,49223.35 c·h/cm,0 Mrad/s
4,4f13.(2F*<7/2>).5d<3/2>.6s2,"(7/2,3/2)2*",155,4f13.(2F*<7/2>) .5d.(2D).6s.6p.(3P*) (4F*<9/2>),Ionization Limit,23188.518 c·h/cm,49246.79 c·h/cm,0 Mrad/s
4,4f13.(2F*<7/2>).5d<3/2>.6s2,"(7/2,3/2)2*",158,4f14.6s.(2S<1/2>).14p<1/2>,"(1/2,1/2)1*",23188.518 c·h/cm,49352.47 c·h/cm,0 Mrad/s
4,4f13.(2F*<7/2>).5d<3/2>.6s2,"(7/2,3/2)2*",159,4f14.6s.(2S<1/2>).14p<3/2>,"(1/2,3/2)1*",23188.518 c·h/cm,49360.6 c·h/cm,0 Mrad/s
4,4f13.(2F*<7/2>).5d<3/2>.6s2,"(7/2,3/2)2*",160,4f13.(2F*<7/2>) .5d.(2D).6s.6p.(3P*) (2D*<3/2>),Ionization Limit,23188.518 c·h/cm,49444.52 c·h/cm,0 Mrad/s
4,4f13.(2F*<7/2>).5d<3/2>.6s2,"(7/2,3/2)2*",161,4f14.6s.(2S<1/2>).15p<1/2>,"(1/2,1/2)1*",23188.518 c·h/cm,49536.43 c·h/cm,0 Mrad/s
4,4f13.(2F*<7/2>).5d<3/2>.6s2,"(7/2,3/2)2*",162,4f14.6s.(2S<1/2>).15p<3/2>,"(1/2,3/2)1*",23188.518 c·h/cm,49546.55 c·h/cm,0 Mrad/s
4,4f13.(2F*<7/2>).5d<3/2>.6s2,"(7/2,3/2)2*",164,4f14.6s.(2S<1/2>).16p<1/2>,"(1/2,1/2)1*",23188.518 c·h/cm,49677.59 c·h/cm,0 Mrad/s
4,4f13.(2F*<7/2>).5d<3/2>.6s2,"(7/2,3/2)2*",165,4f14.6s.(2S<1/2>).16p<3/2>,"(1/2,3/2)1*",23188.518 c·h/cm,49688.55 c·h/cm,0 Mrad/s
4,4f13.(2F*<7/2>).5d<3/2>.6s2,"(7/2,3/2)2*",166,4f14.6s.(2S<1/2>).17p<1/2>,"(1/2,1/2)1*",23188.518 c·h/cm,49786.39 c·h/cm,0 Mrad/s
4,4f13.(2F*<7/2>).5d<3/2>.6s2,"(7/2,3/2)2*",167,4f14.6s.(2S<1/2>).17p<3/2>,"(1/2,3/2)1*",23188.518 c·h/cm,49799.2 c·h/cm,0 Mrad/s
4,4f13.(2F*<7/2>).5d<3/2>.6s2,"(7/2,3/2)2*",168,4f14.6s.(2S<1/2>).18p<3/2>,"(1/2,3/2)1*",23188.518 c·h/cm,49867.13 c·h/cm,0 Mrad/s
4,4f13.(2F*<7/2>).5d<3/2>.6s2,"(7/2,3/2)2*",169,,Ionization Limit,23188.518 c·h/cm,49920.15 c·h/cm,0 Mrad/s
4,4f13.(2F*<7/2>).5d<3/2>.6s2,"(7/2,3/2)2*",170,4f14.6s.(2S<1/2>).19p<3/2>,"(1/2,3/2)1*",23188.518 c·h/cm,49969.1 c·h/cm,0 Mrad/s
4,4f13.(2F*<7/2>).5d<3/2>.6s2,"(7/2,3/2)2*",171,4f14.6s.(2S<1/2>).20p<1/2>,"(1/2,1/2)1*",23188.518 c·h/cm,50016.08 c·h/cm,0 Mrad/s
4,4f13.(2F*<7/2>).5d<3/2>.6s2,"(7/2,3/2)2*",172,4f14.6s.(2S<1/2>).20p<3/2>,"(1/2,3/2)1*",23188.518 c·h/cm,50021.23 c·h/cm,0 Mrad/s
4,4f13.(2F*<7/2>).5d<3/2>.6s2,"(7/2,3/2)2*",173,4f14.6s.(2S<1/2>).21p<1/2>,"(1/2,1/2)1*",23188.518 c·h/cm,50064.05 c·h/cm,0 Mrad/s
4,4f13.(2F*<7/2>).5d<3/2>.6s2,"(7/2,3/2)2*",174,4f14.6s.(2S<1/2>).21p<3/2>,"(1/2,3/2)1*",23188.518 c·h/cm,50067.64 c·h/cm,0 Mrad/s
4,4f13.(2F*<7/2>).5d<3/2>.6s2,"(7/2,3/2)2*",175,4f14.6s.(2S<1/2>).22p<1/2>,"(1/2,1/2)1*",23188.518 c·h/cm,50104.49 c·h/cm,0 Mrad/s
4,4f13.(2F*<7/2>).5d<3/2>.6s2,"(7/2,3/2)2*",176,4f14.6s.(2S<1/2>).22p<3/2>,"(1/2,3/2)1*",23188.518 c·h/cm,50107.5 c·h/cm,0 Mrad/s
4,4f13.(2F*<7/2>).5d<3/2>.6s2,"(7/2,3/2)2*",177,4f14.6s.(2S<1/2>).23p<1/2>,"(1/2,1/2)1*",23188.518 c·h/cm,50138.83 c·h/cm,0 Mrad/s
4,4f13.(2F*<7/2>).5d<3/2>.6s2,"(7/2,3/2)2*",178,4f14.6s.(2S<1/2>).23p<3/2>,"(1/2,3/2)1*",23188.518 c·h/cm,50141.52 c·h/cm,0 Mrad/s
4,4f13.(2F*<7/2>).5d<3/2>.6s2,"(7/2,3/2)2*",179,4f14.6s.(2S<1/2>).24p<1/2>,"(1/2,1/2)1*",23188.518 c·h/cm,50168.24 c·h/cm,0 Mrad/s
4,4f13.(2F*<7/2>).5d<3/2>.6s2,"(7/2,3/2)2*",180,4f14.6s.(2S<1/2>).24p<3/2>,"(1/2,3/2)1*",23188.518 c·h/cm,50170.6 c·h/cm,0 Mrad/s
4,4f13.(2F*<7/2>).5d<3/2>.6s2,"(7/2,3/2)2*",181,4f14.6s.(2S<1/2>).25p<1/2>,"(1/2,1/2)1*",23188.518 c·h/cm,50193.5 c·h/cm,0 Mrad/s
4,4f13.(2F*<7/2>).5d<3/2>.6s2,"(7/2,3/2)2*",182,4f14.6s.(2S<1/2>).25p<3/2>,"(1/2,3/2)1*",23188.518 c·h/cm,50195.76 c·h/cm,0 Mrad/s
4,4f13.(2F*<7/2>).5d<3/2>.6s2,"(7/2,3/2)2*",183,4f14.6s.(2S<1/2>).26p<3/2>,"(1/2,3/2)1*",23188.518 c·h/cm,50217.49 c·h/cm,0 Mrad/s
4,4f13.(2F*<7/2>).5d<3/2>.6s2,"(7/2,3/2)2*",184,4f14.6s.(2S<1/2>).27p<3/2>,"(1/2,3/2)1*",23188.518 c·h/cm,50236.51 c·h/cm,0 Mrad/s
4,4f13.(2F*<7/2>).5d<3/2>.6s2,"(7/2,3/2)2*",185,4f14.6s.(2S<1/2>).28p<3/2>,"(1/2,3/2)1*",23188.518 c·h/cm,50253.22 c·h/cm,0 Mrad/s
4,4f13.(2F*<7/2>).5d<3/2>.6s2,"(7/2,3/2)2*",186,4f14.6s.(2S<1/2>).29p<3/2>,"(1/2,3/2)1*",23188.518 c·h/cm,50268.05 c·h/cm,0 Mrad/s
4,4f13.(2F*<7/2>).5d<3/2>.6s2,"(7/2,3/2)2*",187,4f14.6s.(2S<1/2>).30p<3/2>,"(1/2,3/2)1*",23188.518 c·h/cm,50280.84 c·h/cm,0 Mrad/s
4,4f13.(2F*<7/2>).5d<3/2>.6s2,"(7/2,3/2)2*",188,4f14.6s.(2S<1/2>).31p<3/2>,"(1/2,3/2)1*",23188.518 c·h/cm,50292.45 c·h/cm,0 Mrad/s
4,4f13.(2F*<7/2>).5d<3/2>.6s2,"(7/2,3/2)2*",189,4f14.6s.(2S<1/2>).32p<3/2>,"(1/2,3/2)1*",23188.518 c·h/cm,50303 c·h/cm,0 Mrad/s
4,4f13.(2F*<7/2>).5d<3/2>.6s2,"(7/2,3/2)2*",190,4f14.6s.(2S<1/2>).33p<3/2>,"(1/2,3/2)1*",23188.518 c·h/cm,50312.19 c·h/cm,0 Mrad/s
4,4f13.(2F*<7/2>).5d<3/2>.6s2,"(7/2,3/2)2*",191,4f14.6s.(2S<1/2>).34p<3/2>,"(1/2,3/2)1*",23188.518 c·h/cm,50320.44 c·h/cm,0 Mrad/s
4,4f13.(2F*<7/2>).5d<3/2>.6s2,"(7/2,3/2)2*",192,4f14.6s.(2S<1/2>).35p<3/2>,"(1/2,3/2)1*",23188.518 c·h/cm,50328.27 c·h/cm,0 Mrad/s
4,4f13.(2F*<7/2>).5d<3/2>.6s2,"(7/2,3/2)2*",193,4f14.6s.(2S<1/2>).36p<3/2>,"(1/2,3/2)1*",23188.518 c·h/cm,50335.15 c·h/cm,0 Mrad/s
4,4f13.(2F*<7/2>).5d<3/2>.6s2,"(7/2,3/2)2*",194,4f14.6s.(2S<1/2>).37p<3/2>,"(1/2,3/2)1*",23188.518 c·h/cm,50341.36 c·h/cm,0 Mrad/s
4,4f13.(2F*<7/2>).5d<3/2>.6s2,"(7/2,3/2)2*",195,4f14.6s.(2S<1/2>).38p<3/2>,"(1/2,3/2)1*",23188.518 c·h/cm,50347.15 c·h/cm,0 Mrad/s
4,4f13.(2F*<7/2>).5d<3/2>.6s2,"(7/2,3/2)2*",196,4f14.6s.(2S<1/2>).39p<3/2>,"(1/2,3/2)1*",23188.518 c·h/cm,50352.42 c·h/cm,0 Mrad/s
4,4f13.(2F*<7/2>).5d<3/2>.6s2,"(7/2,3/2)2*",197,4f14.6s.(2S<1/2>).40p<3/2>,"(1/2,3/2)1*",23188.518 c·h/cm,50357.21 c·h/cm,0 Mrad/s
4,4f13.(2F*<7/2>).5d<3/2>.6s2,"(7/2,3/2)2*",198,4f14.6s.(2S<1/2>).41p<3/2>,"(1/2,3/2)1*",23188.518 c·h/cm,50361.74 c·h/cm,0 Mrad/s
4,4f13.(2F*<7/2>).5d<3/2>.6s2,"(7/2,3/2)2*",199,4f14.6s.(2S<1/2>).42p<3/2>,"(1/2,3/2)1*",23188.518 c·h/cm,50365.83 c·h/cm,0 Mrad/s
4,4f13.(2F*<7/2>).5d<3/2>.6s2,"(7/2,3/2)2*",200,4f14.6s.(2S<1/2>).43p<3/2>,"(1/2,3/2)1*",23188.518 c·h/cm,50369.62 c·h/cm,0 Mrad/s
4,4f13.(2F*<7/2>).5d<3/2>.6s2,"(7/2,3/2)2*",201,4f14.6s.(2S<1/2>).44p<3/2>,"(1/2,3/2)1*",23188.518 c·h/cm,50373.2 c·h/cm,0 Mrad/s
4,4f13.(2F*<7/2>).5d<3/2>.6s2,"(7/2,3/2)2*",202,4f14.6s.(2S<1/2>).45p<3/2>,"(1/2,3/2)1*",23188.518 c·h/cm,50376.41 c·h/cm,0 Mrad/s
4,4f13.(2F*<7/2>).5d<3/2>.6s2,"(7/2,3/2)2*",203,4f14.6s.(2S<1/2>).46p<3/2>,"(1/2,3/2)1*",23188.518 c·h/cm,50379.4 c·h/cm,0 Mrad/s
4,4f13.(2F*<7/2>).5d<3/2>.6s2,"(7/2,3/2)2*",204,4f14.6s.(2S<1/2>).47p<3/2>,"(1/2,3/2)1*",23188.518 c·h/cm,50382.2 c·h/cm,0 Mrad/s
4,4f13.(2F*<7/2>).5d<3/2>.6s2,"(7/2,3/2)2*",205,4f14.6s.(2S<1/2>).48p<3/2>,"(1/2,3/2)1*",23188.518 c·h/cm,50384.86 c·h/cm,0 Mrad/s
5,4f14.5d.6s,3D1,24,4f13.(2F*<7/2>).6s2.6p<3/2>,"(7/2,3/2)2",24489.102 c·h/cm,35196.98 c·h/cm,0 Mrad/s
5,4f14.5d.6s,3D1,27,4f13.(2F*).5d2.6s?,Ionization Limit,24489.102 c·h/cm,37414.59 c·h/cm,0 Mrad/s
5,4f14.5d.6s,3D1,28,4f14.6s.7p,3P0*,24489.102 c·h/cm,38090.71 c·h/cm,0 Mrad/s
5,4f14.5d.6s,3D1,29,4f14.6s.7p,3P1*,24489.102 c·h/cm,38174.17 c·h/cm,0 Mrad/s
5,4f14.5d.6s,3D1,30,4f13.(2F*).5d2.6s?,Ionization Limit,24489.102 c·h/cm,38422.36 c·h/cm,0 Mrad/s
5,4f14.5d.6s,3D1,31,4f14.6s.7p,3P2*,24489.102 c·h/cm,38551.93 c·h/cm,0 Mrad/s
5,4f14.5d.6s,3D1,32,4f14.6s.6d,3D1,24489.102 c·h/cm,39808.72 c·h/cm,0 Mrad/s
5,4f14.5d.6s,3D1,33,4f14.6s.6d,3D2,24489.102 c·h/cm,39838.04 c·h/cm,0 Mrad/s
5,4f14.5d.6s,3D1,34,4f13.(2F*<7/2>) .5d.(2D).6s.6p.(3P*) (4F*<3/2>),"(7/2,3/2)2",24489.102 c·h/cm,39880.26 c·h/cm,0 Mrad/s
5,4f14.5d.6s,3D1,36,4f14.6s.6d,1D2,24489.102 c·h/cm,40061.51 c·h/cm,0 Mrad/s
5,4f14.5d.6s,3D1,37,4f14.6s.7p,1P1*,24489.102 c·h/cm,40563.97 c·h/cm,0 Mrad/s
5,4f14.5d.6s,3D1,41,4f13.(2F*<7/2>) .5d.(2D).6s.6p.(3P*) (4F*<5/2>),"(7/2,5/2)1",24489.102 c·h/cm,42436.7 c·h/cm,0 Mrad/s
5,4f14.5d.6s,3D1,42,4f14.6p2,3P0,24489.102 c·h/cm,42436.91 c·h/cm,0 Mrad/s
5,4f14.5d.6s,3D1,43,4f13.(2F*<5/2>).6s2.6p<1/2>,"(5/2,1/2)2",24489.102 c·h/cm,42531.87 c·h/cm,0 Mrad/s
5,4f14.5d.6s,3D1,44,,Ionization Limit,24489.102 c·h/cm,42647.72 c·h/cm,0 Mrad/s
5,4f14.5d.6s,3D1,45,,Ionization Limit,24489.102 c·h/cm,42725.76 c·h/cm,0 Mrad/s
5,4f14.5d.6s,3D1,47,4f13.(2F*<7/2>) .5d.(2D).6s.6p.(3P*) (4F*<5/2>),Ionization Limit,24489.102 c·h/cm,43224.78 c·h/cm,0 Mrad/s
5,4f14.5d.6s,3D1,50,4f14.6s.5f,3F2*,24489.102 c·h/cm,43433.85 c·h/cm,0 Mrad/s
5,4f14.5d.6s,3D1,51,,Ionization Limit,24489.102 c·h/cm,43532.77 c·h/cm,0 Mrad/s
5,4f14.5d.6s,3D1,52,4f14.6s.8p,3P0*,24489.102 c·h/cm,43614.27 c·h/cm,0 Mrad/s
5,4f14.5d.6s,3D1,53,4f14.6s.8p,3P1*,24489.102 c·h/cm,43659.38 c·h/cm,0 Mrad/s
5,4f14.5d.6s,3D1,54,4f14.6p2,3P1,24489.102 c·h/cm,43805.42 c·h/cm,0 Mrad/s
5,4f14.5d.6s,3D1,55,4f14.6s.8p,3P2*,24489.102 c·h/cm,43805.69 c·h/cm,0 Mrad/s
5,4f14.5d.6s,3D1,58,4f14.6s.8p,1P1*,24489.102 c·h/cm,44017.6 c·h/cm,0 Mrad/s
5,4f14.5d.6s,3D1,60,,Ionization Limit,24489.102 c·h/cm,44251.88 c·h/cm,0 Mrad/s
5,4f14.5d.6s,3D1,61,4f14.6s.7d,3D1,24489.102 c·h/cm,44311.38 c·h/cm,0 Mrad/s
5,4f14.5d.6s,3D1,62,4f14.6s.7d,3D2,24489.102 c·h/cm,44313.05 c·h/cm,0 Mrad/s
5,4f14.5d.6s,3D1,63,4f14.6s.7d,1D2,24489.102 c·h/cm,44357.6 c·h/cm,0 Mrad/s
5,4f14.5d.6s,3D1,68,4f14.6p2,3P2,24489.102 c·h/cm,44760.37 c·h/cm,0 Mrad/s
5,4f14.5d.6s,3D1,69,4f13.(2F*<5/2>).6s2.6p<3/2>,"(5/2,3/2)1",24489.102 c·h/cm,44834.61 c·h/cm,0 Mrad/s
5,4f14.5d.6s,3D1,72,,Ionization Limit,24489.102 c·h/cm,45155.33 c·h/cm,0 Mrad/s
5,4f14.5d.6s,3D1,73,,Ionization Limit,24489.102 c·h/cm,45181.69 c·h/cm,0 Mrad/s
5,4f14.5d.6s,3D1,74,4f13.(2F*<7/2>) .5d.(2D).6s.6p.(3P*) (2D*<5/2>),Ionization Limit,24489.102 c·h/cm,45338.53 c·h/cm,0 Mrad/s
5,4f14.5d.6s,3D1,78,4f13.(2F*<7/2>) .5d.(2D).6s.6p.(3P*) (4F*<7/2>),"(7/2,7/2)1",24489.102 c·h/cm,45595.14 c·h/cm,0 Mrad/s
5,4f14.5d.6s,3D1,80,4f13.(2F*<5/2>).6s2.6p<3/2>,"(5/2,3/2)2",24489.102 c·h/cm,45913.86 c·h/cm,0 Mrad/s
5,4f14.5d.6s,3D1,81,4f14.6s.6f,3F2*,24489.102 c·h/cm,45956.27 c·h/cm,0 Mrad/s
5,4f14.5d.6s,3D1,82,4f14.6s.9p,3P1*,24489.102 c·h/cm,46078.91 c·h/cm,0 Mrad/s
5,4f14.5d.6s,3D1,83,4f13.(2F*<7/2>) .5d.(2D).6s.6p.(3P*) (4F*<7/2>),"(7/2,7/2)0",24489.102 c·h/cm,46081.54 c·h/cm,0 Mrad/s
5,4f14.5d.6s,3D1,84,4f14.6s.9p,3P0*,24489.102 c·h/cm,46082.17 c·h/cm,0 Mrad/s
5,4f14.5d.6s,3D1,85,,Ionization Limit,24489.102 c·h/cm,46174.21 c·h/cm,0 Mrad/s
5,4f14.5d.6s,3D1,86,4f14.6s.9p,3P2*,24489.102 c·h/cm,46184.15 c·h/cm,0 Mrad/s
5,4f14.5d.6s,3D1,88,4f14.6s.9p,1P1*,24489.102 c·h/cm,46370.3 c·h/cm,0 Mrad/s
5,4f14.5d.6s,3D1,90,4f13.(2F*<7/2>) .5d.(2D).6s.6p.(3P*) (4F*<3/2>),Ionization Limit,24489.102 c·h/cm,46431.49 c·h/cm,0 Mrad/s
5,4f14.5d.6s,3D1,91,4f14.6s.8d,3D1,24489.102 c·h/cm,46444.96 c·h/cm,0 Mrad/s
5,4f14.5d.6s,3D1,92,4f14.6s.8d,3D2,24489.102 c·h/cm,46467.7 c·h/cm,0 Mrad/s
5,4f14.5d.6s,3D1,98,,Ionization Limit,24489.102 c·h/cm,47055.05 c·h/cm,0 Mrad/s
5,4f14.5d.6s,3D1,101,4f14.6s.7f,3F2*,24489.102 c·h/cm,47326.65 c·h/cm,0 Mrad/s
5,4f14.5d.6s,3D1,102,,Ionization Limit,24489.102 c·h/cm,47332.26 c·h/cm,0 Mrad/s
5,4f14.5d.6s,3D1,103,4f14.5d2?,Ionization Limit,24489.102 c·h/cm,47341.82 c·h/cm,0 Mrad/s
5,4f14.5d.6s,3D1,104,4f14.6s.(2S<1/2>).10p<1/2>,"(1/2,1/2)0*",24489.102 c·h/cm,47409.82 c·h/cm,0 Mrad/s
5,4f14.5d.6s,3D1,105,4f14.6s.(2S<1/2>).10p<1/2>,"(1/2,1/2)1*",24489.102 c·h/cm,47420.93 c·h/cm,0 Mrad/s
5,4f14.5d.6s,3D1,106,4f14.6s.9d?,1D2,24489.102 c·h/cm,47420.96 c·h/cm,0 Mrad/s
5,4f14.5d.6s,3D1,107,4f14.6s.(2S<1/2>).10p<3/2>,"(1/2,3/2)2*",24489.102 c·h/cm,47471.1 c·h/cm,0 Mrad/s
5,4f14.5d.6s,3D1,108,4f14.6s.(2S<1/2>).10p<3/2>,"(1/2,3/2)1*",24489.102 c·h/cm,47498.83 c·h/cm,0 Mrad/s
5,4f14.5d.6s,3D1,109,,Ionization Limit,24489.102 c·h/cm,47584.34 c·h/cm,0 Mrad/s
5,4f14.5d.6s,3D1,110,4f14.5d2?,3F2,24489.102 c·h/cm,47634.41 c·h/cm,0 Mrad/s
5,4f14.5d.6s,3D1,112,4f13.(2F*<7/2>) .5d.(2D).6s.6p.(3P*) (4F*<5/2>)?,Ionization Limit,24489.102 c·h/cm,47645.4 c·h/cm,0 Mrad/s
5,4f14.5d.6s,3D1,117,4f14.6p2?,1D2,24489.102 c·h/cm,47821.78 c·h/cm,0 Mrad/s
5,4f14.5d.6s,3D1,119,,Ionization Limit,24489.102 c·h/cm,47859.31 c·h/cm,0 Mrad/s
5,4f14.5d.6s,3D1,125,4f13.(2F*<7/2>) .5d.(2D).6s.6p.(3P*) (2D*<3/2>),"(7/2,3/2)2",24489.102 c·h/cm,48135.6 c·h/cm,0 Mrad/s
5,4f14.5d.6s,3D1,127,4f14.6s.(2S<1/2>).11p<1/2>,"(1/2,1/2)1*",24489.102 c·h/cm,48212.1 c·h/cm,0 Mrad/s
5,4f14.5d.6s,3D1,128,,Ionization Limit,24489.102 c·h/cm,48234.12 c·h/cm,0 Mrad/s
5,4f14.5d.6s,3D1,130,4f14.6s.(2S<1/2>).11p<3/2>,"(1/2,3/2)1*",24489.102 c·h/cm,48258.47 c·h/cm,0 Mrad/s
5,4f14.5d.6s,3D1,131,,Ionization Limit,24489.102 c·h/cm,48309.41 c·h/cm,0 Mrad/s
5,4f14.5d.6s,3D1,132,,Ionization Limit,24489.102 c·h/cm,48324.89 c·h/cm,0 Mrad/s
5,4f14.5d.6s,3D1,133,,Ionization Limit,24489.102 c·h/cm,48357.54 c·h/cm,0 Mrad/s
5,4f14.5d.6s,3D1,134,,Ionization Limit,24489.102 c·h/cm,48360.43 c·h/cm,0 Mrad/s
5,4f14.5d.6s,3D1,135,,Ionization Limit,24489.102 c·h/cm,48449.27 c·h/cm,0 Mrad/s
5,4f14.5d.6s,3D1,140,,Ionization Limit,24489.102 c·h/cm,48701.6 c·h/cm,0 Mrad/s
5,4f14.5d.6s,3D1,141,4f14.6s.(2S<1/2>).12p<1/2>,"(1/2,1/2)1*",24489.102 c·h/cm,48719.03 c·h/cm,0 Mrad/s
5,4f14.5d.6s,3D1,142,4f14.6s.(2S<1/2>).12p<3/2>,"(1/2,3/2)1*",24489.102 c·h/cm,48761.84 c·h/cm,0 Mrad/s
5,4f14.5d.6s,3D1,145,4f13.(2F*<7/2>) .5d.(2D).6s.6p.(3P*) (4F*<9/2>),"(7/2,9/2)1",24489.102 c·h/cm,48838.33 c·h/cm,0 Mrad/s
5,4f14.5d.6s,3D1,146,4f13.(2F*<7/2>) .5d.(2D).6s.6p.(3P*) (4F*<9/2>),Ionization Limit,24489.102 c·h/cm,48883.11 c·h/cm,0 Mrad/s
5,4f14.5d.6s,3D1,148,,Ionization Limit,24489.102 c·h/cm,48965.16 c·h/cm,0 Mrad/s
5,4f14.5d.6s,3D1,149,,Ionization Limit,24489.102 c·h/cm,49005.74 c·h/cm,0 Mrad/s
5,4f14.5d.6s,3D1,152,4f14.6s.(2S<1/2>).13p<1/2>,"(1/2,1/2)1*",24489.102 c·h/cm,49110.07 c·h/cm,0 Mrad/s
5,4f14.5d.6s,3D1,153,4f14.6s.(2S<1/2>).13p<3/2>,"(1/2,3/2)1*",24489.102 c·h/cm,49127.38 c·h/cm,0 Mrad/s
5,4f14.5d.6s,3D1,155,4f13.(2F*<7/2>) .5d.(2D).6s.6p.(3P*) (4F*<9/2>),Ionization Limit,24489.102 c·h/cm,49246.79 c·h/cm,0 Mrad/s
5,4f14.5d.6s,3D1,158,4f14.6s.(2S<1/2>).14p<1/2>,"(1/2,1/2)1*",24489.102 c·h/cm,49352.47 c·h/cm,0 Mrad/s
5,4f14.5d.6s,3D1,159,4f14.6s.(2S<1/2>).14p<3/2>,"(1/2,3/2)1*",24489.102 c·h/cm,49360.6 c·h/cm,0 Mrad/s
5,4f14.5d.6s,3D1,161,4f14.6s.(2S<1/2>).15p<1/2>,"(1/2,1/2)1*",24489.102 c·h/cm,49536.43 c·h/cm,0 Mrad/s
5,4f14.5d.6s,3D1,162,4f14.6s.(2S<1/2>).15p<3/2>,"(1/2,3/2)1*",24489.102 c·h/cm,49546.55 c·h/cm,0 Mrad/s
5,4f14.5d.6s,3D1,164,4f14.6s.(2S<1/2>).16p<1/2>,"(1/2,1/2)1*",24489.102 c·h/cm,49677.59 c·h/cm,0 Mrad/s
5,4f14.5d.6s,3D1,165,4f14.6s.(2S<1/2>).16p<3/2>,"(1/2,3/2)1*",24489.102 c·h/cm,49688.55 c·h/cm,0 Mrad/s
5,4f14.5d.6s,3D1,166,4f14.6s.(2S<1/2>).17p<1/2>,"(1/2,1/2)1*",24489.102 c·h/cm,49786.39 c·h/cm,0 Mrad/s
5,4f14.5d.6s,3D1,167,4f14.6s.(2S<1/2>).17p<3/2>,"(1/2,3/2)1*",24489.102 c·h/cm,49799.2 c·h/cm,0 Mrad/s
5,4f14.5d.6s,3D1,168,4f14.6s.(2S<1/2>).18p<3/2>,"(1/2,3/2)1*",24489.102 c·h/cm,49867.13 c·h/cm,0 Mrad/s
5,4f14.5d.6s,3D1,169,,Ionization Limit,24489.102 c·h/cm,49920.15 c·h/cm,0 Mrad/s
5,4f14.5d.6s,3D1,170,4f14.6s.(2S<1/2>).19p<3/2>,"(1/2,3/2)1*",24489.102 c·h/cm,49969.1 c·h/cm,0 Mrad/s
5,4f14.5d.6s,3D1,171,4f14.6s.(2S<1/2>).20p<1/2>,"(1/2,1/2)1*",24489.102 c·h/cm,50016.08 c·h/cm,0 Mrad/s
5,4f14.5d.6s,3D1,172,4f14.6s.(2S<1/2>).20p<3/2>,"(1/2,3/2)1*",24489.102 c·h/cm,50021.23 c·h/cm,0 Mrad/s
5,4f14.5d.6s,3D1,173,4f14.6s.(2S<1/2>).21p<1/2>,"(1/2,1/2)1*",24489.102 c·h/cm,50064.05 c·h/cm,0 Mrad/s
5,4f14.5d.6s,3D1,174,4f14.6s.(2S<1/2>).21p<3/2>,"(1/2,3/2)1*",24489.102 c·h/cm,50067.64 c·h/cm,0 Mrad/s
5,4f14.5d.6s,3D1,175,4f14.6s.(2S<1/2>).22p<1/2>,"(1/2,1/2)1*",24489.102 c·h/cm,50104.49 c·h/cm,0 Mrad/s
5,4f14.5d.6s,3D1,176,4f14.6s.(2S<1/2>).22p<3/2>,"(1/2,3/2)1*",24489.102 c·h/cm,50107.5 c·h/cm,0 Mrad/s
5,4f14.5d.6s,3D1,177,4f14.6s.(2S<1/2>).23p<1/2>,"(1/2,1/2)1*",24489.102 c·h/cm,50138.83 c·h/cm,0 Mrad/s
5,4f14.5d.6s,3D1,178,4f14.6s.(2S<1/2>).23p<3/2>,"(1/2,3/2)1*",24489.102 c·h/cm,50141.52 c·h/cm,0 Mrad/s
5,4f14.5d.6s,3D1,179,4f14.6s.(2S<1/2>).24p<1/2>,"(1/2,1/2)1*",24489.102 c·h/cm,50168.24 c·h/cm,0 Mrad/s
5,4f14.5d.6s,3D1,180,4f14.6s.(2S<1/2>).24p<3/2>,"(1/2,3/2)1*",24489.102 c·h/cm,50170.6 c·h/cm,0 Mrad/s
5,4f14.5d.6s,3D1,181,4f14.6s.(2S<1/2>).25p<1/2>,"(1/2,1/2)1*",24489.102 c·h/cm,50193.5 c·h/cm,0 Mrad/s
5,4f14.5d.6s,3D1,182,4f14.6s.(2S<1/2>).25p<3/2>,"(1/2,3/2)1*",24489.102 c·h/cm,50195.76 c·h/cm,0 Mrad/s
5,4f14.5d.6s,3D1,183,4f14.6s.(2S<1/2>).26p<3/2>,"(1/2,3/2)1*",24489.102 c·h/cm,50217.49 c·h/cm,0 Mrad/s
5,4f14.5d.6s,3D1,184,4f14.6s.(2S<1/2>).27p<3/2>,"(1/2,3/2)1*",24489.102 c·h/cm,50236.51 c·h/cm,0 Mrad/s
5,4f14.5d.6s,3D1,185,4f14.6s.(2S<1/2>).28p<3/2>,"(1/2,3/2)1*",24489.102 c·h/cm,50253.22 c·h/cm,0 Mrad/s
5,4f14.5d.6s,3D1,186,4f14.6s.(2S<1/2>).29p<3/2>,"(1/2,3/2)1*",24489.102 c·h/cm,50268.05 c·h/cm,0 Mrad/s
5,4f14.5d.6s,3D1,187,4f14.6s.(2S<1/2>).30p<3/2>,"(1/2,3/2)1*",24489.102 c·h/cm,50280.84 c·h/cm,0 Mrad/s
5,4f14.5d.6s,3D1,188,4f14.6s.(2S<1/2>).31p<3/2>,"(1/2,3/2)1*",24489.102 c·h/cm,50292.45 c·h/cm,0 Mrad/s
5,4f14.5d.6s,3D1,189,4f14.6s.(2S<1/2>).32p<3/2>,"(1/2,3/2)1*",24489.102 c·h/cm,50303 c·h/cm,0 Mrad/s
5,4f14.5d.6s,3D1,190,4f14.6s.(2S<1/2>).33p<3/2>,"(1/2,3/2)1*",24489.102 c·h/cm,50312.19 c·h/cm,0 Mrad/s
5,4f14.5d.6s,3D1,191,4f14.6s.(2S<1/2>).34p<3/2>,"(1/2,3/2)1*",24489.102 c·h/cm,50320.44 c·h/cm,0 Mrad/s
5,4f14.5d.6s,3D1,192,4f14.6s.(2S<1/2>).35p<3/2>,"(1/2,3/2)1*",24489.102 c·h/cm,50328.27 c·h/cm,0 Mrad/s
5,4f14.5d.6s,3D1,193,4f14.6s.(2S<1/2>).36p<3/2>,"(1/2,3/2)1*",24489.102 c·h/cm,50335.15 c·h/cm,0 Mrad/s
5,4f14.5d.6s,3D1,194,4f14.6s.(2S<1/2>).37p<3/2>,"(1/2,3/2)1*",24489.102 c·h/cm,50341.36 c·h/cm,0 Mrad/s
5,4f14.5d.6s,3D1,195,4f14.6s.(2S<1/2>).38p<3/2>,"(1/2,3/2)1*",24489.102 c·h/cm,50347.15 c·h/cm,0 Mrad/s
5,4f14.5d.6s,3D1,196,4f14.6s.(2S<1/2>).39p<3/2>,"(1/2,3/2)1*",24489.102 c·h/cm,50352.42 c·h/cm,0 Mrad/s
5,4f14.5d.6s,3D1,197,4f14.6s.(2S<1/2>).40p<3/2>,"(1/2,3/2)1*",24489.102 c·h/cm,50357.21 c·h/cm,0 Mrad/s
5,4f14.5d.6s,3D1,198,4f14.6s.(2S<1/2>).41p<3/2>,"(1/2,3/2)1*",24489.102 c·h/cm,50361.74 c·h/cm,0 Mrad/s
5,4f14.5d.6s,3D1,199,4f14.6s.(2S<1/2>).42p<3/2>,"(1/2,3/2)1*",24489.102 c·h/cm,50365.83 c·h/cm,0 Mrad/s
5,4f14.5d.6s,3D1,200,4f14.6s.(2S<1/2>).43p<3/2>,"(1/2,3/2)1*",24489.102 c·h/cm,50369.62 c·h/cm,0 Mrad/s
5,4f14.5d.6s,3D1,201,4f14.6s.(2S<1/2>).44p<3/2>,"(1/2,3/2)1*",24489.102 c·h/cm,50373.2 c·h/cm,0 Mrad/s
5,4f14.5d.6s,3D1,202,4f14.6s.(2S<1/2>).45p<3/2>,"(1/2,3/2)1*",24489.102 c·h/cm,50376.41 c·h/cm,0 Mrad/s
5,4f14.5d.6s,3D1,203,4f14.6s.(2S<1/2>).46p<3/2>,"(1/2,3/2)1*",24489.102 c·h/cm,50379.4 c·h/cm,0 Mrad/s
5,4f14.5d.6s,3D1,204,4f14.6s.(2S<1/2>).47p<3/2>,"(1/2,3/2)1*",24489.102 c·h/cm,50382.2 c·h/cm,0 Mrad/s
5,4f14.5d.6s,3D1,205,4f14.6s.(2S<1/2>).48p<3/2>,"(1/2,3/2)1*",24489.102 c·h/cm,50384.86 c·h/cm,0 Mrad/s
5,4f14.5d.6s,3D1,206,Yb II (6s 2S<1/2>),Ionization Limit,24489.102 c·h/cm,50443.2 c·h/cm,0 Mrad/s
5,4f14.5d.6s,3D1,207,4f14.5d.6p?,3D1*,24489.102 c·h/cm,51797 c·h/cm,0 Mrad/s
6,4f14.5d.6s,3D2,17,4f13.(2F*<7/2>).5d<5/2>.6s2,"(7/2,5/2)3*",24751.948 c·h/cm,30207.38 c·h/cm,0 Mrad/s
6,4f14.5d.6s,3D2,19,4f13.(2F*<7/2>).6s2.6p<1/2>,"(7/2,1/2)3",24751.948 c·h/cm,32065.282 c·h/cm,0 Mrad/s
6,4f14.5d.6s,3D2,24,4f13.(2F*<7/2>).6s2.6p<3/2>,"(7/2,3/2)2",24751.948 c·h/cm,35196.98 c·h/cm,0 Mrad/s
6,4f14.5d.6s,3D2,25,4f13.(2F*<7/2>).6s2.6p<3/2>,"(7/2,3/2)3",24751.948 c·h/cm,35807.52 c·h/cm,0 Mrad/s
6,4f14.5d.6s,3D2,27,4f13.(2F*).5d2.6s?,Ionization Limit,24751.948 c·h/cm,37414.59 c·h/cm,0 Mrad/s
6,4f14.5d.6s,3D2,29,4f14.6s.7p,3P1*,24751.948 c·h/cm,38174.17 c·h/cm,0 Mrad/s
6,4f14.5d.6s,3D2,30,4f13.(2F*).5d2.6s?,Ionization Limit,24751.948 c·h/cm,38422.36 c·h/cm,0 Mrad/s
6,4f14.5d.6s,3D2,31,4f14.6s.7p,3P2*,24751.948 c·h/cm,38551.93 c·h/cm,0 Mrad/s
6,4f14.5d.6s,3D2,32,4f14.6s.6d,3D1,24751.948 c·h/cm,39808.72 c·h/cm,0 Mrad/s
6,4f14.5d.6s,3D2,33,4f14.6s.6d,3D2,24751.948 c·h/cm,39838.04 c·h/cm,0 Mrad/s
6,4f14.5d.6s,3D2,34,4f13.(2F*<7/2>) .5d.(2D).6s.6p.(3P*) (4F*<3/2>),"(7/2,3/2)2",24751.948 c·h/cm,39880.26 c·h/cm,0 Mrad/s
6,4f14.5d.6s,3D2,35,4f14.6s.6d,3D3,24751.948 c·h/cm,39966.09 c·h/cm,0 Mrad/s
6,4f14.5d.6s,3D2,36,4f14.6s.6d,1D2,24751.948 c·h/cm,40061.51 c·h/cm,0 Mrad/s
6,4f14.5d.6s,3D2,37,4f14.6s.7p,1P1*,24751.948 c·h/cm,40563.97 c·h/cm,0 Mrad/s
6,4f14.5d.6s,3D2,39,4f13.(2F*<7/2>) .5d.(2D).6s.6p.(3P*) (4F*<5/2>),Ionization Limit,24751.948 c·h/cm,41827.3 c·h/cm,0 Mrad/s
6,4f14.5d.6s,3D2,41,4f13.(2F*<7/2>) .5d.(2D).6s.6p.(3P*) (4F*<5/2>),"(7/2,5/2)1",24751.948 c·h/cm,42436.7 c·h/cm,0 Mrad/s
6,4f14.5d.6s,3D2,43,4f13.(2F*<5/2>).6s2.6p<1/2>,"(5/2,1/2)2",24751.948 c·h/cm,42531.87 c·h/cm,0 Mrad/s
6,4f14.5d.6s,3D2,44,,Ionization Limit,24751.948 c·h/cm,42647.72 c·h/cm,0 Mrad/s
6,4f14.5d.6s,3D2,45,,Ionization Limit,24751.948 c·h/cm,42725.76 c·h/cm,0 Mrad/s
6,4f14.5d.6s,3D2,47,4f13.(2F*<7/2>) .5d.(2D).6s.6p.(3P*) (4F*<5/2>),Ionization Limit,24751.948 c·h/cm,43224.78 c·h/cm,0 Mrad/s
6,4f14.5d.6s,3D2,48,,Ionization Limit,24751.948 c·h/cm,43254.78 c·h/cm,0 Mrad/s
6,4f14.5d.6s,3D2,49,,Ionization Limit,24751.948 c·h/cm,43297.51 c·h/cm,0 Mrad/s
6,4f14.5d.6s,3D2,50,4f14.6s.5f,3F2*,24751.948 c·h/cm,43433.85 c·h/cm,0 Mrad/s
6,4f14.5d.6s,3D2,51,,Ionization Limit,24751.948 c·h/cm,43532.77 c·h/cm,0 Mrad/s
6,4f14.5d.6s,3D2,53,4f14.6s.8p,3P1*,24751.948 c·h/cm,43659.38 c·h/cm,0 Mrad/s
6,4f14.5d.6s,3D2,54,4f14.6p2,3P1,24751.948 c·h/cm,43805.42 c·h/cm,0 Mrad/s
6,4f14.5d.6s,3D2,55,4f14.6s.8p,3P2*,24751.948 c·h/cm,43805.69 c·h/cm,0 Mrad/s
6,4f14.5d.6s,3D2,57,,Ionization Limit,24751.948 c·h/cm,43815.67 c·h/cm,0 Mrad/s
6,4f14.5d.6s,3D2,58,4f14.6s.8p,1P1*,24751.948 c·h/cm,44017.6 c·h/cm,0 Mrad/s
6,4f14.5d.6s,3D2,60,,Ionization Limit,24751.948 c·h/cm,44251.88 c·h/cm,0 Mrad/s
6,4f14.5d.6s,3D2,61,4f14.6s.7d,3D1,24751.948 c·h/cm,44311.38 c·h/cm,0 Mrad/s
6,4f14.5d.6s,3D2,62,4f14.6s.7d,3D2,24751.948 c·h/cm,44313.05 c·h/cm,0 Mrad/s
6,4f14.5d.6s,3D2,63,4f14.6s.7d,1D2,24751.948 c·h/cm,44357.6 c·h/cm,0 Mrad/s
6,4f14.5d.6s,3D2,64,4f14.6s.7d,3D3,24751.948 c·h/cm,44380.82 c·h/cm,0 Mrad/s
6,4f14.5d.6s,3D2,66,,Ionization Limit,24751.948 c·h/cm,44453.47 c·h/cm,0 Mrad/s
6,4f14.5d.6s,3D2,67,4f13.(2F*<7/2>) .5d.(2D).6s.6p.(3P*) (4F*<7/2>),Ionization Limit,24751.948 c·h/cm,44713.12 c·h/cm,0 Mrad/s
6,4f14.5d.6s,3D2,68,4f14.6p2,3P2,24751.948 c·h/cm,44760.37 c·h/cm,0 Mrad/s
6,4f14.5d.6s,3D2,69,4f13.(2F*<5/2>).6s2.6p<3/2>,"(5/2,3/2)1",24751.948 c·h/cm,44834.61 c·h/cm,0 Mrad/s
6,4f14.5d.6s,3D2,72,,Ionization Limit,24751.948 c·h/cm,45155.33 c·h/cm,0 Mrad/s
6,4f14.5d.6s,3D2,73,,Ionization Limit,24751.948 c·h/cm,45181.69 c·h/cm,0 Mrad/s
6,4f14.5d.6s,3D2,74,4f13.(2F*<7/2>) .5d.(2D).6s.6p.(3P*) (2D*<5/2>),Ionization Limit,24751.948 c·h/cm,45338.53 c·h/cm,0 Mrad/s
6,4f14.5d.6s,3D2,76,4f13.(2F*<7/2>) .5d.(2D).6s.6p.(3P*) (4F*<3/2>),"(7/2,3/2)3",24751.948 c·h/cm,45462.54 c·h/cm,0 Mrad/s
6,4f14.5d.6s,3D2,78,4f13.(2F*<7/2>) .5d.(2D).6s.6p.(3P*) (4F*<7/2>),"(7/2,7/2)1",24751.948 c·h/cm,45595.14 c·h/cm,0 Mrad/s
6,4f14.5d.6s,3D2,80,4f13.(2F*<5/2>).6s2.6p<3/2>,"(5/2,3/2)2",24751.948 c·h/cm,45913.86 c·h/cm,0 Mrad/s
6,4f14.5d.6s,3D2,81,4f14.6s.6f,3F2*,24751.948 c·h/cm,45956.27 c·h/cm,0 Mrad/s
6,4f14.5d.6s,3D2,82,4f14.6s.9p,3P1*,24751.948 c·h/cm,46078.91 c·h/cm,0 Mrad/s
6,4f14.5d.6s,3D2,85,,Ionization Limit,24751.948 c·h/cm,46174.21 c·h/cm,0 Mrad/s
6,4f14.5d.6s,3D2,86,4f14.6s.9p,3P2*,24751.948 c·h/cm,46184.15 c·h/cm,0 Mrad/s
6,4f14.5d.6s,3D2,87,,Ionization Limit,24751.948 c·h/cm,46251.06 c·h/cm,0 Mrad/s
6,4f14.5d.6s,3D2,88,4f14.6s.9p,1P1*,24751.948 c·h/cm,46370.3 c·h/cm,0 Mrad/s
6,4f14.5d.6s,3D2,89,4f13.(2F*<7/2>) .5d.(2D).6s.6p.(3P*) (4D*<1/2>),Ionization Limit,24751.948 c·h/cm,46395.6 c·h/cm,0 Mrad/s
6,4f14.5d.6s,3D2,90,4f13.(2F*<7/2>) .5d.(2D).6s.6p.(3P*) (4F*<3/2>),Ionization Limit,24751.948 c·h/cm,46431.49 c·h/cm,0 Mrad/s
6,4f14.5d.6s,3D2,91,4f14.6s.8d,3D1,24751.948 c·h/cm,46444.96 c·h/cm,0 Mrad/s
6,4f14.5d.6s,3D2,92,4f14.6s.8d,3D2,24751.948 c·h/cm,46467.7 c·h/cm,0 Mrad/s
6,4f14.5d.6s,3D2,93,4f14.6s.8d,3D3,24751.948 c·h/cm,46480.65 c·h/cm,0 Mrad/s
6,4f14.5d.6s,3D2,98,,Ionization Limit,24751.948 c·h/cm,47055.05 c·h/cm,0 Mrad/s
6,4f14.5d.6s,3D2,100,,Ionization Limit,24751.948 c·h/cm,47325.19 c·h/cm,0 Mrad/s
6,4f14.5d.6s,3D2,101,4f14.6s.7f,3F2*,24751.948 c·h/cm,47326.65 c·h/cm,0 Mrad/s
6,4f14.5d.6s,3D2,102,,Ionization Limit,24751.948 c·h/cm,47332.26 c·h/cm,0 Mrad/s
6,4f14.5d.6s,3D2,103,4f14.5d2?,Ionization Limit,24751.948 c·h/cm,47341.82 c·h/cm,0 Mrad/s
6,4f14.5d.6s,3D2,105,4f14.6s.(2S<1/2>).10p<1/2>,"(1/2,1/2)1*",24751.948 c·h/cm,47420.93 c·h/cm,0 Mrad/s
6,4f14.5d.6s,3D2,106,4f14.6s.9d?,1D2,24751.948 c·h/cm,47420.96 c·h/cm,0 Mrad/s
6,4f14.5d.6s,3D2,107,4f14.6s.(2S<1/2>).10p<3/2>,"(1/2,3/2)2*",24751.948 c·h/cm,47471.1 c·h/cm,0 Mrad/s
6,4f14.5d.6s,3D2,108,4f14.6s.(2S<1/2>).10p<3/2>,"(1/2,3/2)1*",24751.948 c·h/cm,47498.83 c·h/cm,0 Mrad/s
6,4f14.5d.6s,3D2,109,,Ionization Limit,24751.948 c·h/cm,47584.34 c·h/cm,0 Mrad/s
6,4f14.5d.6s,3D2,110,4f14.5d2?,3F2,24751.948 c·h/cm,47634.41 c·h/cm,0 Mrad/s
6,4f14.5d.6s,3D2,112,4f13.(2F*<7/2>) .5d.(2D).6s.6p.(3P*) (4F*<5/2>)?,Ionization Limit,24751.948 c·h/cm,47645.4 c·h/cm,0 Mrad/s
6,4f14.5d.6s,3D2,113,,Ionization Limit,24751.948 c·h/cm,47646.62 c·h/cm,0 Mrad/s
6,4f14.5d.6s,3D2,114,4f13.(2F*<7/2>) .5d.(2D).6s.6p.(3P*) (4D*<3/2>)?,Ionization Limit,24751.948 c·h/cm,47673.45 c·h/cm,0 Mrad/s
6,4f14.5d.6s,3D2,117,4f14.6p2?,1D2,24751.948 c·h/cm,47821.78 c·h/cm,0 Mrad/s
6,4f14.5d.6s,3D2,118,,Ionization Limit,24751.948 c·h/cm,47843.13 c·h/cm,0 Mrad/s
6,4f14.5d.6s,3D2,119,,Ionization Limit,24751.948 c·h/cm,47859.31 c·h/cm,0 Mrad/s
6,4f14.5d.6s,3D2,120,4f14.5d2?,3F3,24751.948 c·h/cm,47860.28 c·h/cm,0 Mrad/s
6,4f14.5d.6s,3D2,125,4f13.(2F*<7/2>) .5d.(2D).6s.6p.(3P*) (2D*<3/2>),"(7/2,3/2)2",24751.948 c·h/cm,48135.6 c·h/cm,0 Mrad/s
6,4f14.5d.6s,3D2,126,,Ionization Limit,24751.948 c·h/cm,48154.71 c·h/cm,0 Mrad/s
6,4f14.5d.6s,3D2,127,4f14.6s.(2S<1/2>).11p<1/2>,"(1/2,1/2)1*",24751.948 c·h/cm,48212.1 c·h/cm,0 Mrad/s
6,4f14.5d.6s,3D2,128,,Ionization Limit,24751.948 c·h/cm,48234.12 c·h/cm,0 Mrad/s
6,4f14.5d.6s,3D2,129,,Ionization Limit,24751.948 c·h/cm,48237.39 c·h/cm,0 Mrad/s
6,4f14.5d.6s,3D2,130,4f14.6s.(2S<1/2>).11p<3/2>,"(1/2,3/2)1*",24751.948 c·h/cm,48258.47 c·h/cm,0 Mrad/s
6,4f14.5d.6s,3D2,131,,Ionization Limit,24751.948 c·h/cm,48309.41 c·h/cm,0 Mrad/s
6,4f14.5d.6s,3D2,132,,Ionization Limit,24751.948 c·h/cm,48324.89 c·h/cm,0 Mrad/s
6,4f14.5d.6s,3D2,133,,Ionization Limit,24751.948 c·h/cm,48357.54 c·h/cm,0 Mrad/s
6,4f14.5d.6s,3D2,134,,Ionization Limit,24751.948 c·h/cm,48360.43 c·h/cm,0 Mrad/s
6,4f14.5d.6s,3D2,135,,Ionization Limit,24751.948 c·h/cm,48449.27 c·h/cm,0 Mrad/s
6,4f14.5d.6s,3D2,136,,Ionization Limit,24751.948 c·h/cm,48487.98 c·h/cm,0 Mrad/s
6,4f14.5d.6s,3D2,138,4f13.(2F*<7/2>) .5d.(2D).6s.6p.(3P*) (4D*<5/2>),Ionization Limit,24751.948 c·h/cm,48647.78 c·h/cm,0 Mrad/s
6,4f14.5d.6s,3D2,140,,Ionization Limit,24751.948 c·h/cm,48701.6 c·h/cm,0 Mrad/s
6,4f14.5d.6s,3D2,141,4f14.6s.(2S<1/2>).12p<1/2>,"(1/2,1/2)1*",24751.948 c·h/cm,48719.03 c·h/cm,0 Mrad/s
6,4f14.5d.6s,3D2,142,4f14.6s.(2S<1/2>).12p<3/2>,"(1/2,3/2)1*",24751.948 c·h/cm,48761.84 c·h/cm,0 Mrad/s
6,4f14.5d.6s,3D2,145,4f13.(2F*<7/2>) .5d.(2D).6s.6p.(3P*) (4F*<9/2>),"(7/2,9/2)1",24751.948 c·h/cm,48838.33 c·h/cm,0 Mrad/s
6,4f14.5d.6s,3D2,146,4f13.(2F*<7/2>) .5d.(2D).6s.6p.(3P*) (4F*<9/2>),Ionization Limit,24751.948 c·h/cm,48883.11 c·h/cm,0 Mrad/s
6,4f14.5d.6s,3D2,148,,Ionization Limit,24751.948 c·h/cm,48965.16 c·h/cm,0 Mrad/s
6,4f14.5d.6s,3D2,149,,Ionization Limit,24751.948 c·h/cm,49005.74 c·h/cm,0 Mrad/s
6,4f14.5d.6s,3D2,152,4f14.6s.(2S<1/2>).13p<1/2>,"(1/2,1/2)1*",24751.948 c·h/cm,49110.07 c·h/cm,0 Mrad/s
6,4f14.5d.6s,3D2,153,4f14.6s.(2S<1/2>).13p<3/2>,"(1/2,3/2)1*",24751.948 c·h/cm,49127.38 c·h/cm,0 Mrad/s
6,4f14.5d.6s,3D2,154,4f13.(2F*<7/2>) .5d.(2D).6s.6p.(3P*) (4F*<9/2>),Ionization Limit,24751.948 c·h/cm,49223.35 c·h/cm,0 Mrad/s
6,4f14.5d.6s,3D2,155,4f13.(2F*<7/2>) .5d.(2D).6s.6p.(3P*) (4F*<9/2>),Ionization Limit,24751.948 c·h/cm,49246.79 c·h/cm,0 Mrad/s
6,4f14.5d.6s,3D2,158,4f14.6s.(2S<1/2>).14p<1/2>,"(1/2,1/2)1*",24751.948 c·h/cm,49352.47 c·h/cm,0 Mrad/s
6,4f14.5d.6s,3D2,159,4f14.6s.(2S<1/2>).14p<3/2>,"(1/2,3/2)1*",24751.948 c·h/cm,49360.6 c·h/cm,0 Mrad/s
6,4f14.5d.6s,3D2,160,4f13.(2F*<7/2>) .5d.(2D).6s.6p.(3P*) (2D*<3/2>),Ionization Limit,24751.948 c·h/cm,49444.52 c·h/cm,0 Mrad/s
6,4f14.5d.6s,3D2,161,4f14.6s.(2S<1/2>).15p<1/2>,"(1/2,1/2)1*",24751.948 c·h/cm,49536.43 c·h/cm,0 Mrad/s
6,4f14.5d.6s,3D2,162,4f14.6s.(2S<1/2>).15p<3/2>,"(1/2,3/2)1*",24751.948 c·h/cm,49546.55 c·h/cm,0 Mrad/s
6,4f14.5d.6s,3D2,164,4f14.6s.(2S<1/2>).16p<1/2>,"(1/2,1/2)1*",24751.948 c·h/cm,49677.59 c·h/cm,0 Mrad/s
6,4f14.5d.6s,3D2,165,4f14.6s.(2S<1/2>).16p<3/2>,"(1/2,3/2)1*",24751.948 c·h/cm,49688.55 c·h/cm,0 Mrad/s
6,4f14.5d.6s,3D2,166,4f14.6s.(2S<1/2>).17p<1/2>,"(1/2,1/2)1*",24751.948 c·h/cm,49786.39 c·h/cm,0 Mrad/s
6,4f14.5d.6s,3D2,167,4f14.6s.(2S<1/2>).17p<3/2>,"(1/2,3/2)1*",24751.948 c·h/cm,49799.2 c·h/cm,0 Mrad/s
6,4f14.5d.6s,3D2,168,4f14.6s.(2S<1/2>).18p<3/2>,"(1/2,3/2)1*",24751.948 c·h/cm,49867.13 c·h/cm,0 Mrad/s
6,4f14.5d.6s,3D2,169,,Ionization Limit,24751.948 c·h/cm,49920.15 c·h/cm,0 Mrad/s
6,4f14.5d.6s,3D2,170,4f14.6s.(2S<1/2>).19p<3/2>,"(1/2,3/2)1*",24751.948 c·h/cm,49969.1 c·h/cm,0 Mrad/s
6,4f14.5d.6s,3D2,171,4f14.6s.(2S<1/2>).20p<1/2>,"(1/2,1/2)1*",24751.948 c·h/cm,50016.08 c·h/cm,0 Mrad/s
6,4f14.5d.6s,3D2,172,4f14.6s.(2S<1/2>).20p<3/2>,"(1/2,3/2)1*",24751.948 c·h/cm,50021.23 c·h/cm,0 Mrad/s
6,4f14.5d.6s,3D2,173,4f14.6s.(2S<1/2>).21p<1/2>,"(1/2,1/2)1*",24751.948 c·h/cm,50064.05 c·h/cm,0 Mrad/s
6,4f14.5d.6s,3D2,174,4f14.6s.(2S<1/2>).21p<3/2>,"(1/2,3/2)1*",24751.948 c·h/cm,50067.64 c·h/cm,0 Mrad/s
6,4f14.5d.6s,3D2,175,4f14.6s.(2S<1/2>).22p<1/2>,"(1/2,1/2)1*",24751.948 c·h/cm,50104.49 c·h/cm,0 Mrad/s
6,4f14.5d.6s,3D2,176,4f14.6s.(2S<1/2>).22p<3/2>,"(1/2,3/2)1*",24751.948 c·h/cm,50107.5 c·h/cm,0 Mrad/s
6,4f14.5d.6s,3D2,177,4f14.6s.(2S<1/2>).23p<1/2>,"(1/2,1/2)1*",24751.948 c·h/cm,50138.83 c·h/cm,0 Mrad/s
6,4f14.5d.6s,3D2,178,4f14.6s.(2S<1/2>).23p<3/2>,"(1/2,3/2)1*",24751.948 c·h/cm,50141.52 c·h/cm,0 Mrad/s
6,4f14.5d.6s,3D2,179,4f14.6s.(2S<1/2>).24p<1/2>,"(1/2,1/2)1*",24751.948 c·h/cm,50168.24 c·h/cm,0 Mrad/s
6,4f14.5d.6s,3D2,180,4f14.6s.(2S<1/2>).24p<3/2>,"(1/2,3/2)1*",24751.948 c·h/cm,50170.6 c·h/cm,0 Mrad/s
6,4f14.5d.6s,3D2,181,4f14.6s.(2S<1/2>).25p<1/2>,"(1/2,1/2)1*",24751.948 c·h/cm,50193.5 c·h/cm,0 Mrad/s
6,4f14.5d.6s,3D2,182,4f14.6s.(2S<1/2>).25p<3/2>,"(1/2,3/2)1*",24751.948 c·h/cm,50195.76 c·h/cm,0 Mrad/s
6,4f14.5d.6s,3D2,183,4f14.6s.(2S<1/2>).26p<3/2>,"(1/2,3/2)1*",24751.948 c·h/cm,50217.49 c·h/cm,0 Mrad/s
6,4f14.5d.6s,3D2,184,4f14.6s.(2S<1/2>).27p<3/2>,"(1/2,3/2)1*",24751.948 c·h/cm,50236.51 c·h/cm,0 Mrad/s
6,4f14.5d.6s,3D2,185,4f14.6s.(2S<1/2>).28p<3/2>,"(1/2,3/2)1*",24751.948 c·h/cm,50253.22 c·h/cm,0 Mrad/s
6,4f14.5d.6s,3D2,186,4f14.6s.(2S<1/2>).29p<3/2>,"(1/2,3/2)1*",24751.948 c·h/cm,50268.05 c·h/cm,0 Mrad/s
6,4f14.5d.6s,3D2,187,4f14.6s.(2S<1/2>).30p<3/2>,"(1/2,3/2)1*",24751.948 c·h/cm,50280.84 c·h/cm,0 Mrad/s
6,4f14.5d.6s,3D2,188,4f14.6s.(2S<1/2>).31p<3/2>,"(1/2,3/2)1*",24751.948 c·h/cm,50292.45 c·h/cm,0 Mrad/s
6,4f14.5d.6s,3D2,189,4f14.6s.(2S<1/2>).32p<3/2>,"(1/2,3/2)1*",24751.948 c·h/cm,50303 c·h/cm,0 Mrad/s
6,4f14.5d.6s,3D2,190,4f14.6s.(2S<1/2>).33p<3/2>,"(1/2,3/2)1*",24751.948 c·h/cm,50312.19 c·h/cm,0 Mrad/s
6,4f14.5d.6s,3D2,191,4f14.6s.(2S<1/2>).34p<3/2>,"(1/2,3/2)1*",24751.948 c·h/cm,50320.44 c·h/cm,0 Mrad/s
6,4f14.5d.6s,3D2,192,4f14.6s.(2S<1/2>).35p<3/2>,"(1/2,3/2)1*",24751.948 c·h/cm,50328.27 c·h/cm,0 Mrad/s
6,4f14.5d.6s,3D2,193,4f14.6s.(2S<1/2>).36p<3/2>,"(1/2,3/2)1*",24751.948 c·h/cm,50335.15 c·h/cm,0 Mrad/s
6,4f14.5d.6s,3D2,194,4f14.6s.(2S<1/2>).37p<3/2>,"(1/2,3/2)1*",24751.948 c·h/cm,50341.36 c·h/cm,0 Mrad/s
6,4f14.5d.6s,3D2,195,4f14.6s.(2S<1/2>).38p<3/2>,"(1/2,3/2)1*",24751.948 c·h/cm,50347.15 c·h/cm,0 Mrad/s
6,4f14.5d.6s,3D2,196,4f14.6s.(2S<1/2>).39p<3/2>,"(1/2,3/2)1*",24751.948 c·h/cm,50352.42 c·h/cm,0 Mrad/s
6,4f14.5d.6s,3D2,197,4f14.6s.(2S<1/2>).40p<3/2>,"(1/2,3/2)1*",24751.948 c·h/cm,50357.21 c·h/cm,0 Mrad/s
6,4f14.5d.6s,3D2,198,4f14.6s.(2S<1/2>).41p<3/2>,"(1/2,3/2)1*",24751.948 c·h/cm,50361.74 c·h/cm,0 Mrad/s
6,4f14.5d.6s,3D2,199,4f14.6s.(2S<1/2>).42p<3/2>,"(1/2,3/2)1*",24751.948 c·h/cm,50365.83 c·h/cm,0 Mrad/s
6,4f14.5d.6s,3D2,200,4f14.6s.(2S<1/2>).43p<3/2>,"(1/2,3/2)1*",24751.948 c·h/cm,50369.62 c·h/cm,0 Mrad/s
6,4f14.5d.6s,3D2,201,4f14.6s.(2S<1/2>).44p<3/2>,"(1/2,3/2)1*",24751.948 c·h/cm,50373.2 c·h/cm,0 Mrad/s
6,4f14.5d.6s,3D2,202,4f14.6s.(2S<1/2>).45p<3/2>,"(1/2,3/2)1*",24751.948 c·h/cm,50376.41 c·h/cm,0 Mrad/s
6,4f14.5d.6s,3D2,203,4f14.6s.(2S<1/2>).46p<3/2>,"(1/2,3/2)1*",24751.948 c·h/cm,50379.4 c·h/cm,0 Mrad/s
6,4f14.5d.6s,3D2,204,4f14.6s.(2S<1/2>).47p<3/2>,"(1/2,3/2)1*",24751.948 c·h/cm,50382.2 c·h/cm,0 Mrad/s
6,4f14.5d.6s,3D2,205,4f14.6s.(2S<1/2>).48p<3/2>,"(1/2,3/2)1*",24751.948 c·h/cm,50384.86 c·h/cm,0 Mrad/s
6,4f14.5d.6s,3D2,207,4f14.5d.6p?,3D1*,24751.948 c·h/cm,51797 c·h/cm,0 Mrad/s
6,4f14.5d.6s,3D2,210,4f14.5d.6p?,3P1*,24751.948 c·h/cm,53276 c·h/cm,0 Mrad/s
7,4f14.6s.6p,1P1*,21,4f14.6s.7s,3S1,25068.222 c·h/cm,32694.692 c·h/cm,0 Mrad/s
7,4f14.6s.6p,1P1*,22,4f14.6s.7s,1S0,25068.222 c·h/cm,34350.65 c·h/cm,0 Mrad/s
7,4f14.6s.6p,1P1*,24,4f13.(2F*<7/2>).6s2.6p<3/2>,"(7/2,3/2)2",25068.222 c·h/cm,35196.98 c·h/cm,0 Mrad/s
7,4f14.6s.6p,1P1*,27,4f13.(2F*).5d2.6s?,Ionization Limit,25068.222 c·h/cm,37414.59 c·h/cm,0 Mrad/s
7,4f14.6s.6p,1P1*,28,4f14.6s.7p,3P0*,25068.222 c·h/cm,38090.71 c·h/cm,0 Mrad/s
7,4f14.6s.6p,1P1*,29,4f14.6s.7p,3P1*,25068.222 c·h/cm,38174.17 c·h/cm,0 Mrad/s
7,4f14.6s.6p,1P1*,30,4f13.(2F*).5d2.6s?,Ionization Limit,25068.222 c·h/cm,38422.36 c·h/cm,0 Mrad/s
7,4f14.6s.6p,1P1*,31,4f14.6s.7p,3P2*,25068.222 c·h/cm,38551.93 c·h/cm,0 Mrad/s
7,4f14.6s.6p,1P1*,32,4f14.6s.6d,3D1,25068.222 c·h/cm,39808.72 c·h/cm,0 Mrad/s
7,4f14.6s.6p,1P1*,33,4f14.6s.6d,3D2,25068.222 c·h/cm,39838.04 c·h/cm,0 Mrad/s
7,4f14.6s.6p,1P1*,34,4f13.(2F*<7/2>) .5d.(2D).6s.6p.(3P*) (4F*<3/2>),"(7/2,3/2)2",25068.222 c·h/cm,39880.26 c·h/cm,0 Mrad/s
7,4f14.6s.6p,1P1*,36,4f14.6s.6d,1D2,25068.222 c·h/cm,40061.51 c·h/cm,0 Mrad/s
7,4f14.6s.6p,1P1*,37,4f14.6s.7p,1P1*,25068.222 c·h/cm,40563.97 c·h/cm,0 Mrad/s
7,4f14.6s.6p,1P1*,38,4f14.6s.8s,3S1,25068.222 c·h/cm,41615.04 c·h/cm,0 Mrad/s
7,4f14.6s.6p,1P1*,40,4f14.6s.8s,1S0,25068.222 c·h/cm,41939.9 c·h/cm,0 Mrad/s
7,4f14.6s.6p,1P1*,41,4f13.(2F*<7/2>) .5d.(2D).6s.6p.(3P*) (4F*<5/2>),"(7/2,5/2)1",25068.222 c·h/cm,42436.7 c·h/cm,0 Mrad/s
7,4f14.6s.6p,1P1*,42,4f14.6p2,3P0,25068.222 c·h/cm,42436.91 c·h/cm,0 Mrad/s
7,4f14.6s.6p,1P1*,43,4f13.(2F*<5/2>).6s2.6p<1/2>,"(5/2,1/2)2",25068.222 c·h/cm,42531.87 c·h/cm,0 Mrad/s
7,4f14.6s.6p,1P1*,44,,Ionization Limit,25068.222 c·h/cm,42647.72 c·h/cm,0 Mrad/s
7,4f14.6s.6p,1P1*,45,,Ionization Limit,25068.222 c·h/cm,42725.76 c·h/cm,0 Mrad/s
7,4f14.6s.6p,1P1*,47,4f13.(2F*<7/2>) .5d.(2D).6s.6p.(3P*) (4F*<5/2>),Ionization Limit,25068.222 c·h/cm,43224.78 c·h/cm,0 Mrad/s
7,4f14.6s.6p,1P1*,51,,Ionization Limit,25068.222 c·h/cm,43532.77 c·h/cm,0 Mrad/s
7,4f14.6s.6p,1P1*,52,4f14.6s.8p,3P0*,25068.222 c·h/cm,43614.27 c·h/cm,0 Mrad/s
7,4f14.6s.6p,1P1*,53,4f14.6s.8p,3P1*,25068.222 c·h/cm,43659.38 c·h/cm,0 Mrad/s
7,4f14.6s.6p,1P1*,54,4f14.6p2,3P1,25068.222 c·h/cm,43805.42 c·h/cm,0 Mrad/s
7,4f14.6s.6p,1P1*,55,4f14.6s.8p,3P2*,25068.222 c·h/cm,43805.69 c·h/cm,0 Mrad/s
7,4f14.6s.6p,1P1*,58,4f14.6s.8p,1P1*,25068.222 c·h/cm,44017.6 c·h/cm,0 Mrad/s
7,4f14.6s.6p,1P1*,60,,Ionization Limit,25068.222 c·h/cm,44251.88 c·h/cm,0 Mrad/s
7,4f14.6s.6p,1P1*,61,4f14.6s.7d,3D1,25068.222 c·h/cm,44311.38 c·h/cm,0 Mrad/s
7,4f14.6s.6p,1P1*,62,4f14.6s.7d,3D2,25068.222 c·h/cm,44313.05 c·h/cm,0 Mrad/s
7,4f14.6s.6p,1P1*,63,4f14.6s.7d,1D2,25068.222 c·h/cm,44357.6 c·h/cm,0 Mrad/s
7,4f14.6s.6p,1P1*,68,4f14.6p2,3P2,25068.222 c·h/cm,44760.37 c·h/cm,0 Mrad/s
7,4f14.6s.6p,1P1*,69,4f13.(2F*<5/2>).6s2.6p<3/2>,"(5/2,3/2)1",25068.222 c·h/cm,44834.61 c·h/cm,0 Mrad/s
7,4f14.6s.6p,1P1*,71,4f14.6s.9s,3S1,25068.222 c·h/cm,45121.37 c·h/cm,0 Mrad/s
7,4f14.6s.6p,1P1*,72,,Ionization Limit,25068.222 c·h/cm,45155.33 c·h/cm,0 Mrad/s
7,4f14.6s.6p,1P1*,73,,Ionization Limit,25068.222 c·h/cm,45181.69 c·h/cm,0 Mrad/s
7,4f14.6s.6p,1P1*,74,4f13.(2F*<7/2>) .5d.(2D).6s.6p.(3P*) (2D*<5/2>),Ionization Limit,25068.222 c·h/cm,45338.53 c·h/cm,0 Mrad/s
7,4f14.6s.6p,1P1*,78,4f13.(2F*<7/2>) .5d.(2D).6s.6p.(3P*) (4F*<7/2>),"(7/2,7/2)1",25068.222 c·h/cm,45595.14 c·h/cm,0 Mrad/s
7,4f14.6s.6p,1P1*,80,4f13.(2F*<5/2>).6s2.6p<3/2>,"(5/2,3/2)2",25068.222 c·h/cm,45913.86 c·h/cm,0 Mrad/s
7,4f14.6s.6p,1P1*,82,4f14.6s.9p,3P1*,25068.222 c·h/cm,46078.91 c·h/cm,0 Mrad/s
7,4f14.6s.6p,1P1*,83,4f13.(2F*<7/2>) .5d.(2D).6s.6p.(3P*) (4F*<7/2>),"(7/2,7/2)0",25068.222 c·h/cm,46081.54 c·h/cm,0 Mrad/s
7,4f14.6s.6p,1P1*,84,4f14.6s.9p,3P0*,25068.222 c·h/cm,46082.17 c·h/cm,0 Mrad/s
7,4f14.6s.6p,1P1*,85,,Ionization Limit,25068.222 c·h/cm,46174.21 c·h/cm,0 Mrad/s
7,4f14.6s.6p,1P1*,86,4f14.6s.9p,3P2*,25068.222 c·h/cm,46184.15 c·h/cm,0 Mrad/s
7,4f14.6s.6p,1P1*,88,4f14.6s.9p,1P1*,25068.222 c·h/cm,46370.3 c·h/cm,0 Mrad/s
7,4f14.6s.6p,1P1*,90,4f13.(2F*<7/2>) .5d.(2D).6s.6p.(3P*) (4F*<3/2>),Ionization Limit,25068.222 c·h/cm,46431.49 c·h/cm,0 Mrad/s
7,4f14.6s.6p,1P1*,91,4f14.6s.8d,3D1,25068.222 c·h/cm,46444.96 c·h/cm,0 Mrad/s
7,4f14.6s.6p,1P1*,92,4f14.6s.8d,3D2,25068.222 c·h/cm,46467.7 c·h/cm,0 Mrad/s
7,4f14.6s.6p,1P1*,95,4f14.6s.10s,3S1,25068.222 c·h/cm,46877.1 c·h/cm,0 Mrad/s
7,4f14.6s.6p,1P1*,98,,Ionization Limit,25068.222 c·h/cm,47055.05 c·h/cm,0 Mrad/s
7,4f14.6s.6p,1P1*,102,,Ionization Limit,25068.222 c·h/cm,47332.26 c·h/cm,0 Mrad/s
7,4f14.6s.6p,1P1*,103,4f14.5d2?,Ionization Limit,25068.222 c·h/cm,47341.82 c·h/cm,0 Mrad/s
7,4f14.6s.6p,1P1*,104,4f14.6s.(2S<1/2>).10p<1/2>,"(1/2,1/2)0*",25068.222 c·h/cm,47409.82 c·h/cm,0 Mrad/s
7,4f14.6s.6p,1P1*,105,4f14.6s.(2S<1/2>).10p<1/2>,"(1/2,1/2)1*",25068.222 c·h/cm,47420.93 c·h/cm,0 Mrad/s
7,4f14.6s.6p,1P1*,106,4f14.6s.9d?,1D2,25068.222 c·h/cm,47420.96 c·h/cm,0 Mrad/s
7,4f14.6s.6p,1P1*,107,4f14.6s.(2S<1/2>).10p<3/2>,"(1/2,3/2)2*",25068.222 c·h/cm,47471.1 c·h/cm,0 Mrad/s
7,4f14.6s.6p,1P1*,108,4f14.6s.(2S<1/2>).10p<3/2>,"(1/2,3/2)1*",25068.222 c·h/cm,47498.83 c·h/cm,0 Mrad/s
7,4f14.6s.6p,1P1*,109,,Ionization Limit,25068.222 c·h/cm,47584.34 c·h/cm,0 Mrad/s
7,4f14.6s.6p,1P1*,112,4f13.(2F*<7/2>) .5d.(2D).6s.6p.(3P*) (4F*<5/2>)?,Ionization Limit,25068.222 c·h/cm,47645.4 c·h/cm,0 Mrad/s
7,4f14.6s.6p,1P1*,117,4f14.6p2?,1D2,25068.222 c·h/cm,47821.78 c·h/cm,0 Mrad/s
7,4f14.6s.6p,1P1*,119,,Ionization Limit,25068.222 c·h/cm,47859.31 c·h/cm,0 Mrad/s
7,4f14.6s.6p,1P1*,121,4f14.6s.11s,3S1,25068.222 c·h/cm,47885.81 c·h/cm,0 Mrad/s
7,4f14.6s.6p,1P1*,125,4f13.(2F*<7/2>) .5d.(2D).6s.6p.(3P*) (2D*<3/2>),"(7/2,3/2)2",25068.222 c·h/cm,48135.6 c·h/cm,0 Mrad/s
7,4f14.6s.6p,1P1*,127,4f14.6s.(2S<1/2>).11p<1/2>,"(1/2,1/2)1*",25068.222 c·h/cm,48212.1 c·h/cm,0 Mrad/s
7,4f14.6s.6p,1P1*,128,,Ionization Limit,25068.222 c·h/cm,48234.12 c·h/cm,0 Mrad/s
7,4f14.6s.6p,1P1*,130,4f14.6s.(2S<1/2>).11p<3/2>,"(1/2,3/2)1*",25068.222 c·h/cm,48258.47 c·h/cm,0 Mrad/s
7,4f14.6s.6p,1P1*,131,,Ionization Limit,25068.222 c·h/cm,48309.41 c·h/cm,0 Mrad/s
7,4f14.6s.6p,1P1*,132,,Ionization Limit,25068.222 c·h/cm,48324.89 c·h/cm,0 Mrad/s
7,4f14.6s.6p,1P1*,133,,Ionization Limit,25068.222 c·h/cm,48357.54 c·h/cm,0 Mrad/s
7,4f14.6s.6p,1P1*,134,,Ionization Limit,25068.222 c·h/cm,48360.43 c·h/cm,0 Mrad/s
7,4f14.6s.6p,1P1*,135,,Ionization Limit,25068.222 c·h/cm,48449.27 c·h/cm,0 Mrad/s
7,4f14.6s.6p,1P1*,137,4f14.6s.12s,3S1,25068.222 c·h/cm,48519.71 c·h/cm,0 Mrad/s
7,4f14.6s.6p,1P1*,140,,Ionization Limit,25068.222 c·h/cm,48701.6 c·h/cm,0 Mrad/s
7,4f14.6s.6p,1P1*,141,4f14.6s.(2S<1/2>).12p<1/2>,"(1/2,1/2)1*",25068.222 c·h/cm,48719.03 c·h/cm,0 Mrad/s
7,4f14.6s.6p,1P1*,142,4f14.6s.(2S<1/2>).12p<3/2>,"(1/2,3/2)1*",25068.222 c·h/cm,48761.84 c·h/cm,0 Mrad/s
7,4f14.6s.6p,1P1*,145,4f13.(2F*<7/2>) .5d.(2D).6s.6p.(3P*) (4F*<9/2>),"(7/2,9/2)1",25068.222 c·h/cm,48838.33 c·h/cm,0 Mrad/s
7,4f14.6s.6p,1P1*,146,4f13.(2F*<7/2>) .5d.(2D).6s.6p.(3P*) (4F*<9/2>),Ionization Limit,25068.222 c·h/cm,48883.11 c·h/cm,0 Mrad/s
7,4f14.6s.6p,1P1*,147,4f14.6s.13s,3S1,25068.222 c·h/cm,48943.42 c·h/cm,0 Mrad/s
7,4f14.6s.6p,1P1*,148,,Ionization Limit,25068.222 c·h/cm,48965.16 c·h/cm,0 Mrad/s
7,4f14.6s.6p,1P1*,149,,Ionization Limit,25068.222 c·h/cm,49005.74 c·h/cm,0 Mrad/s
7,4f14.6s.6p,1P1*,152,4f14.6s.(2S<1/2>).13p<1/2>,"(1/2,1/2)1*",25068.222 c·h/cm,49110.07 c·h/cm,0 Mrad/s
7,4f14.6s.6p,1P1*,153,4f14.6s.(2S<1/2>).13p<3/2>,"(1/2,3/2)1*",25068.222 c·h/cm,49127.38 c·h/cm,0 Mrad/s
7,4f14.6s.6p,1P1*,155,4f13.(2F*<7/2>) .5d.(2D).6s.6p.(3P*) (4F*<9/2>),Ionization Limit,25068.222 c·h/cm,49246.79 c·h/cm,0 Mrad/s
7,4f14.6s.6p,1P1*,158,4f14.6s.(2S<1/2>).14p<1/2>,"(1/2,1/2)1*",25068.222 c·h/cm,49352.47 c·h/cm,0 Mrad/s
7,4f14.6s.6p,1P1*,159,4f14.6s.(2S<1/2>).14p<3/2>,"(1/2,3/2)1*",25068.222 c·h/cm,49360.6 c·h/cm,0 Mrad/s
7,4f14.6s.6p,1P1*,161,4f14.6s.(2S<1/2>).15p<1/2>,"(1/2,1/2)1*",25068.222 c·h/cm,49536.43 c·h/cm,0 Mrad/s
7,4f14.6s.6p,1P1*,162,4f14.6s.(2S<1/2>).15p<3/2>,"(1/2,3/2)1*",25068.222 c·h/cm,49546.55 c·h/cm,0 Mrad/s
7,4f14.6s.6p,1P1*,164,4f14.6s.(2S<1/2>).16p<1/2>,"(1/2,1/2)1*",25068.222 c·h/cm,49677.59 c·h/cm,0 Mrad/s
7,4f14.6s.6p,1P1*,165,4f14.6s.(2S<1/2>).16p<3/2>,"(1/2,3/2)1*",25068.222 c·h/cm,49688.55 c·h/cm,0 Mrad/s
7,4f14.6s.6p,1P1*,166,4f14.6s.(2S<1/2>).17p<1/2>,"(1/2,1/2)1*",25068.222 c·h/cm,49786.39 c·h/cm,0 Mrad/s
7,4f14.6s.6p,1P1*,167,4f14.6s.(2S<1/2>).17p<3/2>,"(1/2,3/2)1*",25068.222 c·h/cm,49799.2 c·h/cm,0 Mrad/s
7,4f14.6s.6p,1P1*,168,4f14.6s.(2S<1/2>).18p<3/2>,"(1/2,3/2)1*",25068.222 c·h/cm,49867.13 c·h/cm,0 Mrad/s
7,4f14.6s.6p,1P1*,169,,Ionization Limit,25068.222 c·h/cm,49920.15 c·h/cm,0 Mrad/s
7,4f14.6s.6p,1P1*,170,4f14.6s.(2S<1/2>).19p<3/2>,"(1/2,3/2)1*",25068.222 c·h/cm,49969.1 c·h/cm,0 Mrad/s
7,4f14.6s.6p,1P1*,171,4f14.6s.(2S<1/2>).20p<1/2>,"(1/2,1/2)1*",25068.222 c·h/cm,50016.08 c·h/cm,0 Mrad/s
7,4f14.6s.6p,1P1*,172,4f14.6s.(2S<1/2>).20p<3/2>,"(1/2,3/2)1*",25068.222 c·h/cm,50021.23 c·h/cm,0 Mrad/s
7,4f14.6s.6p,1P1*,173,4f14.6s.(2S<1/2>).21p<1/2>,"(1/2,1/2)1*",25068.222 c·h/cm,50064.05 c·h/cm,0 Mrad/s
7,4f14.6s.6p,1P1*,174,4f14.6s.(2S<1/2>).21p<3/2>,"(1/2,3/2)1*",25068.222 c·h/cm,50067.64 c·h/cm,0 Mrad/s
7,4f14.6s.6p,1P1*,175,4f14.6s.(2S<1/2>).22p<1/2>,"(1/2,1/2)1*",25068.222 c·h/cm,50104.49 c·h/cm,0 Mrad/s
7,4f14.6s.6p,1P1*,176,4f14.6s.(2S<1/2>).22p<3/2>,"(1/2,3/2)1*",25068.222 c·h/cm,50107.5 c·h/cm,0 Mrad/s
7,4f14.6s.6p,1P1*,177,4f14.6s.(2S<1/2>).23p<1/2>,"(1/2,1/2)1*",25068.222 c·h/cm,50138.83 c·h/cm,0 Mrad/s
7,4f14.6s.6p,1P1*,178,4f14.6s.(2S<1/2>).23p<3/2>,"(1/2,3/2)1*",25068.222 c·h/cm,50141.52 c·h/cm,0 Mrad/s
7,4f14.6s.6p,1P1*,179,4f14.6s.(2S<1/2>).24p<1/2>,"(1/2,1/2)1*",25068.222 c·h/cm,50168.24 c·h/cm,0 Mrad/s
7,4f14.6s.6p,1P1*,180,4f14.6s.(2S<1/2>).24p<3/2>,"(1/2,3/2)1*",25068.222 c·h/cm,50170.6 c·h/cm,0 Mrad/s
7,4f14.6s.6p,1P1*,181,4f14.6s.(2S<1/2>).25p<1/2>,"(1/2,1/2)1*",25068.222 c·h/cm,50193.5 c·h/cm,0 Mrad/s
7,4f14.6s.6p,1P1*,182,4f14.6s.(2S<1/2>).25p<3/2>,"(1/2,3/2)1*",25068.222 c·h/cm,50195.76 c·h/cm,0 Mrad/s
7,4f14.6s.6p,1P1*,183,4f14.6s.(2S<1/2>).26p<3/2>,"(1/2,3/2)1*",25068.222 c·h/cm,50217.49 c·h/cm,0 Mrad/s
7,4f14.6s.6p,1P1*,184,4f14.6s.(2S<1/2>).27p<3/2>,"(1/2,3/2)1*",25068.222 c·h/cm,50236.51 c·h/cm,0 Mrad/s
7,4f14.6s.6p,1P1*,185,4f14.6s.(2S<1/2>).28p<3/2>,"(1/2,3/2)1*",25068.222 c·h/cm,50253.22 c·h/cm,0 Mrad/s
7,4f14.6s.6p,1P1*,186,4f14.6s.(2S<1/2>).29p<3/2>,"(1/2,3/2)1*",25068.222 c·h/cm,50268.05 c·h/cm,0 Mrad/s
7,4f14.6s.6p,1P1*,187,4f14.6s.(2S<1/2>).30p<3/2>,"(1/2,3/2)1*",25068.222 c·h/cm,50280.84 c·h/cm,0 Mrad/s
7,4f14.6s.6p,1P1*,188,4f14.6s.(2S<1/2>).31p<3/2>,"(1/2,3/2)1*",25068.222 c·h/cm,50292.45 c·h/cm,0 Mrad/s
7,4f14.6s.6p,1P1*,189,4f14.6s.(2S<1/2>).32p<3/2>,"(1/2,3/2)1*",25068.222 c·h/cm,50303 c·h/cm,0 Mrad/s
7,4f14.6s.6p,1P1*,190,4f14.6s.(2S<1/2>).33p<3/2>,"(1/2,3/2)1*",25068.222 c·h/cm,50312.19 c·h/cm,0 Mrad/s
7,4f14.6s.6p,1P1*,191,4f14.6s.(2S<1/2>).34p<3/2>,"(1/2,3/2)1*",25068.222 c·h/cm,50320.44 c·h/cm,0 Mrad/s
7,4f14.6s.6p,1P1*,192,4f14.6s.(2S<1/2>).35p<3/2>,"(1/2,3/2)1*",25068.222 c·h/cm,50328.27 c·h/cm,0 Mrad/s
7,4f14.6s.6p,1P1*,193,4f14.6s.(2S<1/2>).36p<3/2>,"(1/2,3/2)1*",25068.222 c·h/cm,50335.15 c·h/cm,0 Mrad/s
7,4f14.6s.6p,1P1*,194,4f14.6s.(2S<1/2>).37p<3/2>,"(1/2,3/2)1*",25068.222 c·h/cm,50341.36 c·h/cm,0 Mrad/s
7,4f14.6s.6p,1P1*,195,4f14.6s.(2S<1/2>).38p<3/2>,"(1/2,3/2)1*",25068.222 c·h/cm,50347.15 c·h/cm,0 Mrad/s
7,4f14.6s.6p,1P1*,196,4f14.6s.(2S<1/2>).39p<3/2>,"(1/2,3/2)1*",25068.222 c·h/cm,50352.42 c·h/cm,0 Mrad/s
7,4f14.6s.6p,1P1*,197,4f14.6s.(2S<1/2>).40p<3/2>,"(1/2,3/2)1*",25068.222 c·h/cm,50357.21 c·h/cm,0 Mrad/s
7,4f14.6s.6p,1P1*,198,4f14.6s.(2S<1/2>).41p<3/2>,"(1/2,3/2)1*",25068.222 c·h/cm,50361.74 c·h/cm,0 Mrad/s
7,4f14.6s.6p,1P1*,199,4f14.6s.(2S<1/2>).42p<3/2>,"(1/2,3/2)1*",25068.222 c·h/cm,50365.83 c·h/cm,0 Mrad/s
7,4f14.6s.6p,1P1*,200,4f14.6s.(2S<1/2>).43p<3/2>,"(1/2,3/2)1*",25068.222 c·h/cm,50369.62 c·h/cm,0 Mrad/s
7,4f14.6s.6p,1P1*,201,4f14.6s.(2S<1/2>).44p<3/2>,"(1/2,3/2)1*",25068.222 c·h/cm,50373.2 c·h/cm,0 Mrad/s
7,4f14.6s.6p,1P1*,202,4f14.6s.(2S<1/2>).45p<3/2>,"(1/2,3/2)1*",25068.222 c·h/cm,50376.41 c·h/cm,0 Mrad/s
7,4f14.6s.6p,1P1*,203,4f14.6s.(2S<1/2>).46p<3/2>,"(1/2,3/2)1*",25068.222 c·h/cm,50379.4 c·h/cm,0 Mrad/s
7,4f14.6s.6p,1P1*,204,4f14.6s.(2S<1/2>).47p<3/2>,"(1/2,3/2)1*",25068.222 c·h/cm,50382.2 c·h/cm,0 Mrad/s
7,4f14.6s.6p,1P1*,205,4f14.6s.(2S<1/2>).48p<3/2>,"(1/2,3/2)1*",25068.222 c·h/cm,50384.86 c·h/cm,0 Mrad/s
7,4f14.6s.6p,1P1*,206,Yb II (6s 2S<1/2>),Ionization Limit,25068.222 c·h/cm,50443.2 c·h/cm,0 Mrad/s
7,4f14.6s.6p,1P1*,207,4f14.5d.6p?,3D1*,25068.222 c·h/cm,51797 c·h/cm,0 Mrad/s
7,4f14.6s.6p,1P1*,210,4f14.5d.6p?,3P1*,25068.222 c·h/cm,53276 c·h/cm,0 Mrad/s
8,4f14.5d.6s,3D3,19,4f13.(2F*<7/2>).6s2.6p<1/2>,"(7/2,1/2)3",25270.902 c·h/cm,32065.282 c·h/cm,0 Mrad/s
8,4f14.5d.6s,3D3,20,4f13.(2F*<7/2>).6s2.6p<1/2>,"(7/2,1/2)4",25270.902 c·h/cm,32273.597 c·h/cm,0 Mrad/s
8,4f14.5d.6s,3D3,24,4f13.(2F*<7/2>).6s2.6p<3/2>,"(7/2,3/2)2",25270.902 c·h/cm,35196.98 c·h/cm,0 Mrad/s
8,4f14.5d.6s,3D3,25,4f13.(2F*<7/2>).6s2.6p<3/2>,"(7/2,3/2)3",25270.902 c·h/cm,35807.52 c·h/cm,0 Mrad/s
8,4f14.5d.6s,3D3,26,4f13.(2F*<7/2>).6s2.6p<3/2>,"(7/2,3/2)4",25270.902 c·h/cm,36060.98 c·h/cm,0 Mrad/s
8,4f14.5d.6s,3D3,31,4f14.6s.7p,3P2*,25270.902 c·h/cm,38551.93 c·h/cm,0 Mrad/s
8,4f14.5d.6s,3D3,33,4f14.6s.6d,3D2,25270.902 c·h/cm,39838.04 c·h/cm,0 Mrad/s
8,4f14.5d.6s,3D3,34,4f13.(2F*<7/2>) .5d.(2D).6s.6p.(3P*) (4F*<3/2>),"(7/2,3/2)2",25270.902 c·h/cm,39880.26 c·h/cm,0 Mrad/s
8,4f14.5d.6s,3D3,35,4f14.6s.6d,3D3,25270.902 c·h/cm,39966.09 c·h/cm,0 Mrad/s
8,4f14.5d.6s,3D3,36,4f14.6s.6d,1D2,25270.902 c·h/cm,40061.51 c·h/cm,0 Mrad/s
8,4f14.5d.6s,3D3,39,4f13.(2F*<7/2>) .5d.(2D).6s.6p.(3P*) (4F*<5/2>),Ionization Limit,25270.902 c·h/cm,41827.3 c·h/cm,0 Mrad/s
8,4f14.5d.6s,3D3,43,4f13.(2F*<5/2>).6s2.6p<1/2>,"(5/2,1/2)2",25270.902 c·h/cm,42531.87 c·h/cm,0 Mrad/s
8,4f14.5d.6s,3D3,44,,Ionization Limit,25270.902 c·h/cm,42647.72 c·h/cm,0 Mrad/s
8,4f14.5d.6s,3D3,45,,Ionization Limit,25270.902 c·h/cm,42725.76 c·h/cm,0 Mrad/s
8,4f14.5d.6s,3D3,47,4f13.(2F*<7/2>) .5d.(2D).6s.6p.(3P*) (4F*<5/2>),Ionization Limit,25270.902 c·h/cm,43224.78 c·h/cm,0 Mrad/s
8,4f14.5d.6s,3D3,48,,Ionization Limit,25270.902 c·h/cm,43254.78 c·h/cm,0 Mrad/s
8,4f14.5d.6s,3D3,49,,Ionization Limit,25270.902 c·h/cm,43297.51 c·h/cm,0 Mrad/s
8,4f14.5d.6s,3D3,50,4f14.6s.5f,3F2*,25270.902 c·h/cm,43433.85 c·h/cm,0 Mrad/s
8,4f14.5d.6s,3D3,55,4f14.6s.8p,3P2*,25270.902 c·h/cm,43805.69 c·h/cm,0 Mrad/s
8,4f14.5d.6s,3D3,57,,Ionization Limit,25270.902 c·h/cm,43815.67 c·h/cm,0 Mrad/s
8,4f14.5d.6s,3D3,59,4f13.(2F*<7/2>) .5d.(2D).6s.6p.(3P*) (4F*<5/2>),Ionization Limit,25270.902 c·h/cm,44232.66 c·h/cm,0 Mrad/s
8,4f14.5d.6s,3D3,60,,Ionization Limit,25270.902 c·h/cm,44251.88 c·h/cm,0 Mrad/s
8,4f14.5d.6s,3D3,62,4f14.6s.7d,3D2,25270.902 c·h/cm,44313.05 c·h/cm,0 Mrad/s
8,4f14.5d.6s,3D3,63,4f14.6s.7d,1D2,25270.902 c·h/cm,44357.6 c·h/cm,0 Mrad/s
8,4f14.5d.6s,3D3,64,4f14.6s.7d,3D3,25270.902 c·h/cm,44380.82 c·h/cm,0 Mrad/s
8,4f14.5d.6s,3D3,65,,Ionization Limit,25270.902 c·h/cm,44392.7 c·h/cm,0 Mrad/s
8,4f14.5d.6s,3D3,66,,Ionization Limit,25270.902 c·h/cm,44453.47 c·h/cm,0 Mrad/s
8,4f14.5d.6s,3D3,67,4f13.(2F*<7/2>) .5d.(2D).6s.6p.(3P*) (4F*<7/2>),Ionization Limit,25270.902 c·h/cm,44713.12 c·h/cm,0 Mrad/s
8,4f14.5d.6s,3D3,68,4f14.6p2,3P2,25270.902 c·h/cm,44760.37 c·h/cm,0 Mrad/s
8,4f14.5d.6s,3D3,70,4f13.(2F*<7/2>) .5d.(2D).6s.6p.(3P*) (4F*<3/2>),"(7/2,3/2)4",25270.902 c·h/cm,44984.75 c·h/cm,0 Mrad/s
8,4f14.5d.6s,3D3,72,,Ionization Limit,25270.902 c·h/cm,45155.33 c·h/cm,0 Mrad/s
8,4f14.5d.6s,3D3,74,4f13.(2F*<7/2>) .5d.(2D).6s.6p.(3P*) (2D*<5/2>),Ionization Limit,25270.902 c·h/cm,45338.53 c·h/cm,0 Mrad/s
8,4f14.5d.6s,3D3,76,4f13.(2F*<7/2>) .5d.(2D).6s.6p.(3P*) (4F*<3/2>),"(7/2,3/2)3",25270.902 c·h/cm,45462.54 c·h/cm,0 Mrad/s
8,4f14.5d.6s,3D3,77,4f13.(2F*<5/2>).6s2.6p<3/2>,"(5/2,3/2)4",25270.902 c·h/cm,45497.62 c·h/cm,0 Mrad/s
8,4f14.5d.6s,3D3,79,4f13.(2F*<7/2>) .5d.(2D).6s.6p.(3P*) (4F*<5/2>),Ionization Limit,25270.902 c·h/cm,45775.68 c·h/cm,0 Mrad/s
8,4f14.5d.6s,3D3,80,4f13.(2F*<5/2>).6s2.6p<3/2>,"(5/2,3/2)2",25270.902 c·h/cm,45913.86 c·h/cm,0 Mrad/s
8,4f14.5d.6s,3D3,81,4f14.6s.6f,3F2*,25270.902 c·h/cm,45956.27 c·h/cm,0 Mrad/s
8,4f14.5d.6s,3D3,86,4f14.6s.9p,3P2*,25270.902 c·h/cm,46184.15 c·h/cm,0 Mrad/s
8,4f14.5d.6s,3D3,87,,Ionization Limit,25270.902 c·h/cm,46251.06 c·h/cm,0 Mrad/s
8,4f14.5d.6s,3D3,89,4f13.(2F*<7/2>) .5d.(2D).6s.6p.(3P*) (4D*<1/2>),Ionization Limit,25270.902 c·h/cm,46395.6 c·h/cm,0 Mrad/s
8,4f14.5d.6s,3D3,90,4f13.(2F*<7/2>) .5d.(2D).6s.6p.(3P*) (4F*<3/2>),Ionization Limit,25270.902 c·h/cm,46431.49 c·h/cm,0 Mrad/s
8,4f14.5d.6s,3D3,92,4f14.6s.8d,3D2,25270.902 c·h/cm,46467.7 c·h/cm,0 Mrad/s
8,4f14.5d.6s,3D3,93,4f14.6s.8d,3D3,25270.902 c·h/cm,46480.65 c·h/cm,0 Mrad/s
8,4f14.5d.6s,3D3,97,4f13.(2F*<7/2>) .5d.(2D).6s.6p.(3P*) (4D*<1/2>),"(7/2,1/2)4",25270.902 c·h/cm,47047.69 c·h/cm,0 Mrad/s
8,4f14.5d.6s,3D3,98,,Ionization Limit,25270.902 c·h/cm,47055.05 c·h/cm,0 Mrad/s
8,4f14.5d.6s,3D3,100,,Ionization Limit,25270.902 c·h/cm,47325.19 c·h/cm,0 Mrad/s
8,4f14.5d.6s,3D3,101,4f14.6s.7f,3F2*,25270.902 c·h/cm,47326.65 c·h/cm,0 Mrad/s
8,4f14.5d.6s,3D3,103,4f14.5d2?,Ionization Limit,25270.902 c·h/cm,47341.82 c·h/cm,0 Mrad/s
8,4f14.5d.6s,3D3,106,4f14.6s.9d?,1D2,25270.902 c·h/cm,47420.96 c·h/cm,0 Mrad/s
8,4f14.5d.6s,3D3,107,4f14.6s.(2S<1/2>).10p<3/2>,"(1/2,3/2)2*",25270.902 c·h/cm,47471.1 c·h/cm,0 Mrad/s
8,4f14.5d.6s,3D3,110,4f14.5d2?,3F2,25270.902 c·h/cm,47634.41 c·h/cm,0 Mrad/s
8,4f14.5d.6s,3D3,113,,Ionization Limit,25270.902 c·h/cm,47646.62 c·h/cm,0 Mrad/s
8,4f14.5d.6s,3D3,114,4f13.(2F*<7/2>) .5d.(2D).6s.6p.(3P*) (4D*<3/2>)?,Ionization Limit,25270.902 c·h/cm,47673.45 c·h/cm,0 Mrad/s
8,4f14.5d.6s,3D3,115,4f13.(2F*<7/2>) .5d.(2D).6s.6p.(3P*) (4D*<3/2>),"(7/2,3/2)4",25270.902 c·h/cm,47673.71 c·h/cm,0 Mrad/s
8,4f14.5d.6s,3D3,116,4f13.(2F*<7/2>) .5d.(2D).6s.6p.(3P*) (4F*<7/2>),"(7/2,7/2)4",25270.902 c·h/cm,47772.94 c·h/cm,0 Mrad/s
8,4f14.5d.6s,3D3,117,4f14.6p2?,1D2,25270.902 c·h/cm,47821.78 c·h/cm,0 Mrad/s
8,4f14.5d.6s,3D3,118,,Ionization Limit,25270.902 c·h/cm,47843.13 c·h/cm,0 Mrad/s
8,4f14.5d.6s,3D3,120,4f14.5d2?,3F3,25270.902 c·h/cm,47860.28 c·h/cm,0 Mrad/s
8,4f14.5d.6s,3D3,123,,Ionization Limit,25270.902 c·h/cm,47939.1 c·h/cm,0 Mrad/s
8,4f14.5d.6s,3D3,125,4f13.(2F*<7/2>) .5d.(2D).6s.6p.(3P*) (2D*<3/2>),"(7/2,3/2)2",25270.902 c·h/cm,48135.6 c·h/cm,0 Mrad/s
8,4f14.5d.6s,3D3,126,,Ionization Limit,25270.902 c·h/cm,48154.71 c·h/cm,0 Mrad/s
8,4f14.5d.6s,3D3,128,,Ionization Limit,25270.902 c·h/cm,48234.12 c·h/cm,0 Mrad/s
8,4f14.5d.6s,3D3,129,,Ionization Limit,25270.902 c·h/cm,48237.39 c·h/cm,0 Mrad/s
8,4f14.5d.6s,3D3,132,,Ionization Limit,25270.902 c·h/cm,48324.89 c·h/cm,0 Mrad/s
8,4f14.5d.6s,3D3,135,,Ionization Limit,25270.902 c·h/cm,48449.27 c·h/cm,0 Mrad/s
8,4f14.5d.6s,3D3,136,,Ionization Limit,25270.902 c·h/cm,48487.98 c·h/cm,0 Mrad/s
8,4f14.5d.6s,3D3,138,4f13.(2F*<7/2>) .5d.(2D).6s.6p.(3P*) (4D*<5/2>),Ionization Limit,25270.902 c·h/cm,48647.78 c·h/cm,0 Mrad/s
8,4f14.5d.6s,3D3,140,,Ionization Limit,25270.902 c·h/cm,48701.6 c·h/cm,0 Mrad/s
8,4f14.5d.6s,3D3,143,4f13.(2F*<7/2>) .5d.(2D).6s.6p.(3P*) (2D*<5/2>),"(7/2,5/2)4",25270.902 c·h/cm,48787.71 c·h/cm,0 Mrad/s
8,4f14.5d.6s,3D3,146,4f13.(2F*<7/2>) .5d.(2D).6s.6p.(3P*) (4F*<9/2>),Ionization Limit,25270.902 c·h/cm,48883.11 c·h/cm,0 Mrad/s
8,4f14.5d.6s,3D3,148,,Ionization Limit,25270.902 c·h/cm,48965.16 c·h/cm,0 Mrad/s
8,4f14.5d.6s,3D3,151,4f13.(2F*<7/2>) .5d.(2D).6s.6p.(3P*) (2D*<3/2>),Ionization Limit,25270.902 c·h/cm,49103.64 c·h/cm,0 Mrad/s
8,4f14.5d.6s,3D3,154,4f13.(2F*<7/2>) .5d.(2D).6s.6p.(3P*) (4F*<9/2>),Ionization Limit,25270.902 c·h/cm,49223.35 c·h/cm,0 Mrad/s
8,4f14.5d.6s,3D3,155,4f13.(2F*<7/2>) .5d.(2D).6s.6p.(3P*) (4F*<9/2>),Ionization Limit,25270.902 c·h/cm,49246.79 c·h/cm,0 Mrad/s
8,4f14.5d.6s,3D3,156,4f13.(2F*<7/2>) .5d.(2D).6s.6p.(3P*) (4D*<7/2>),Ionization Limit,25270.902 c·h/cm,49260.75 c·h/cm,0 Mrad/s
8,4f14.5d.6s,3D3,157,,Ionization Limit,25270.902 c·h/cm,49282.36 c·h/cm,0 Mrad/s
8,4f14.5d.6s,3D3,160,4f13.(2F*<7/2>) .5d.(2D).6s.6p.(3P*) (2D*<3/2>),Ionization Limit,25270.902 c·h/cm,49444.52 c·h/cm,0 Mrad/s
8,4f14.5d.6s,3D3,208,,Ionization Limit,25270.902 c·h/cm,52540.35 c·h/cm,0 Mrad/s
9,4f13.(2F*<7/2>).5d<3/2>.6s2,"(7/2,3/2)5*",20,4f13.(2F*<7/2>).6s2.6p<1/2>,"(7/2,1/2)4",25859.682 c·h/cm,32273.597 c·h/cm,0 Mrad/s
9,4f13.(2F*<7/2>).5d<3/2>.6s2,"(7/2,3/2)5*",23,4f13.(2F*<7/2>).6s2.6p<3/2>,"(7/2,3/2)5",25859.682 c·h/cm,35178.78 c·h/cm,0 Mrad/s
9,4f13.(2F*<7/2>).5d<3/2>.6s2,"(7/2,3/2)5*",26,4f13.(2F*<7/2>).6s2.6p<3/2>,"(7/2,3/2)4",25859.682 c·h/cm,36060.98 c·h/cm,0 Mrad/s
9,4f13.(2F*<7/2>).5d<3/2>.6s2,"(7/2,3/2)5*",46,4f13.(2F*<7/2>) .5d.(2D).6s.6p.(3P*) (4F*<3/2>),"(7/2,3/2)5",25859.682 c·h/cm,42935.78 c·h/cm,0 Mrad/s
9,4f13.(2F*<7/2>).5d<3/2>.6s2,"(7/2,3/2)5*",56,4f13.(2F*<7/2>) .5d.(2D).6s.6p.(3P*) (4F*<5/2>),"(7/2,5/2)6",25859.682 c·h/cm,43814.11 c·h/cm,0 Mrad/s
9,4f13.(2F*<7/2>).5d<3/2>.6s2,"(7/2,3/2)5*",59,4f13.(2F*<7/2>) .5d.(2D).6s.6p.(3P*) (4F*<5/2>),Ionization Limit,25859.682 c·h/cm,44232.66 c·h/cm,0 Mrad/s
9,4f13.(2F*<7/2>).5d<3/2>.6s2,"(7/2,3/2)5*",65,,Ionization Limit,25859.682 c·h/cm,44392.7 c·h/cm,0 Mrad/s
9,4f13.(2F*<7/2>).5d<3/2>.6s2,"(7/2,3/2)5*",70,4f13.(2F*<7/2>) .5d.(2D).6s.6p.(3P*) (4F*<3/2>),"(7/2,3/2)4",25859.682 c·h/cm,44984.75 c·h/cm,0 Mrad/s
9,4f13.(2F*<7/2>).5d<3/2>.6s2,"(7/2,3/2)5*",75,4f13.(2F*<7/2>) .5d.(2D).6s.6p.(3P*) (4F*<5/2>),Ionization Limit,25859.682 c·h/cm,45410.91 c·h/cm,0 Mrad/s
9,4f13.(2F*<7/2>).5d<3/2>.6s2,"(7/2,3/2)5*",77,4f13.(2F*<5/2>).6s2.6p<3/2>,"(5/2,3/2)4",25859.682 c·h/cm,45497.62 c·h/cm,0 Mrad/s
9,4f13.(2F*<7/2>).5d<3/2>.6s2,"(7/2,3/2)5*",79,4f13.(2F*<7/2>) .5d.(2D).6s.6p.(3P*) (4F*<5/2>),Ionization Limit,25859.682 c·h/cm,45775.68 c·h/cm,0 Mrad/s
9,4f13.(2F*<7/2>).5d<3/2>.6s2,"(7/2,3/2)5*",94,4f13.(2F*<7/2>) .5d.(2D).6s.6p.(3P*) (4P*<5/2>),Ionization Limit,25859.682 c·h/cm,46554.81 c·h/cm,0 Mrad/s
9,4f13.(2F*<7/2>).5d<3/2>.6s2,"(7/2,3/2)5*",96,4f13.(2F*<7/2>) .5d.(2D).6s.6p.(3P*) (2D*<5/2>),"(7/2,5/2)6",25859.682 c·h/cm,47036.62 c·h/cm,0 Mrad/s
9,4f13.(2F*<7/2>).5d<3/2>.6s2,"(7/2,3/2)5*",97,4f13.(2F*<7/2>) .5d.(2D).6s.6p.(3P*) (4D*<1/2>),"(7/2,1/2)4",25859.682 c·h/cm,47047.69 c·h/cm,0 Mrad/s
9,4f13.(2F*<7/2>).5d<3/2>.6s2,"(7/2,3/2)5*",99,4f13.(2F*<7/2>) .5d.(2D).6s.6p.(3P*) (4F*<3/2>),"(7/2,3/2)5",25859.682 c·h/cm,47088.16 c·h/cm,0 Mrad/s
9,4f13.(2F*<7/2>).5d<3/2>.6s2,"(7/2,3/2)5*",111,4f13.(2F*<7/2>) .5d.(2D).6s.6p.(3P*) (4F*<5/2>),Ionization Limit,25859.682 c·h/cm,47636.11 c·h/cm,0 Mrad/s
9,4f13.(2F*<7/2>).5d<3/2>.6s2,"(7/2,3/2)5*",115,4f13.(2F*<7/2>) .5d.(2D).6s.6p.(3P*) (4D*<3/2>),"(7/2,3/2)4",25859.682 c·h/cm,47673.71 c·h/cm,0 Mrad/s
9,4f13.(2F*<7/2>).5d<3/2>.6s2,"(7/2,3/2)5*",116,4f13.(2F*<7/2>) .5d.(2D).6s.6p.(3P*) (4F*<7/2>),"(7/2,7/2)4",25859.682 c·h/cm,47772.94 c·h/cm,0 Mrad/s
9,4f13.(2F*<7/2>).5d<3/2>.6s2,"(7/2,3/2)5*",122,4f13.(2F*<7/2>) .5d.(2D).6s.6p.(3P*) (2D*<3/2>),"(7/2,3/2)5",25859.682 c·h/cm,47911.48 c·h/cm,0 Mrad/s
9,4f13.(2F*<7/2>).5d<3/2>.6s2,"(7/2,3/2)5*",123,,Ionization Limit,25859.682 c·h/cm,47939.1 c·h/cm,0 Mrad/s
9,4f13.(2F*<7/2>).5d<3/2>.6s2,"(7/2,3/2)5*",124,4f13.(2F*<7/2>) .5d.(2D).6s.6p.(3P*) (4F*<7/2>),"(7/2,7/2)5",25859.682 c·h/cm,48057.77 c·h/cm,0 Mrad/s
9,4f13.(2F*<7/2>).5d<3/2>.6s2,"(7/2,3/2)5*",139,4f13.(2F*<7/2>) .5d.(2D).6s.6p.(3P*) (4F*<7/2>),"(7/2,7/2)6",25859.682 c·h/cm,48688.18 c·h/cm,0 Mrad/s
9,4f13.(2F*<7/2>).5d<3/2>.6s2,"(7/2,3/2)5*",143,4f13.(2F*<7/2>) .5d.(2D).6s.6p.(3P*) (2D*<5/2>),"(7/2,5/2)4",25859.682 c·h/cm,48787.71 c·h/cm,0 Mrad/s
9,4f13.(2F*<7/2>).5d<3/2>.6s2,"(7/2,3/2)5*",144,4f13.(2F*<7/2>) .5d.(2D).6s.6p.(3P*) (4D*<7/2>),"(7/2,7/2)6",25859.682 c·h/cm,48806.57 c·h/cm,0 Mrad/s
9,4f13.(2F*<7/2>).5d<3/2>.6s2,"(7/2,3/2)5*",150,4f13.(2F*<7/2>) .5d.(2D).6s.6p.(3P*) (4D*<5/2>),Ionization Limit,25859.682 c·h/cm,49079.34 c·h/cm,0 Mrad/s
9,4f13.(2F*<7/2>).5d<3/2>.6s2,"(7/2,3/2)5*",151,4f13.(2F*<7/2>) .5d.(2D).6s.6p.(3P*) (2D*<3/2>),Ionization Limit,25859.682 c·h/cm,49103.64 c·h/cm,0 Mrad/s
9,4f13.(2F*<7/2>).5d<3/2>.6s2,"(7/2,3/2)5*",156,4f13.(2F*<7/2>) .5d.(2D).6s.6p.(3P*) (4D*<7/2>),Ionization Limit,25859.682 c·h/cm,49260.75 c·h/cm,0 Mrad/s
9,4f13.(2F*<7/2>).5d<3/2>.6s2,"(7/2,3/2)5*",157,,Ionization Limit,25859.682 c·h/cm,49282.36 c·h/cm,0 Mrad/s
9,4f13.(2F*<7/2>).5d<3/2>.6s2,"(7/2,3/2)5*",163,4f13.(2F*<7/2>) .5d.(2D).6s.6p.(3P*) (4D*<7/2>),Ionization Limit,25859.682 c·h/cm,49638.73 c·h/cm,0 Mrad/s
9,4f13.(2F*<7/2>).5d<3/2>.6s2,"(7/2,3/2)5*",208,,Ionization Limit,25859.682 c·h/cm,52540.35 c·h/cm,0 Mrad/s
9,4f13.(2F*<7/2>).5d<3/2>.6s2,"(7/2,3/2)5*",209,4f13.(2F*<7/2>) .5d.(2D).6s.6p.(3P*) (4P*<5/2>),"(7/2,5/2)6",25859.682 c·h/cm,52874.79 c·h/cm,0 Mrad/s
