Nucleus,Ex,T1/2,I,μ(nm),Q(b),,[Ref. Std.],Method,NSR Keynumber,Journal Reference
1n,0,10.6 m,1/2+,-1.9130427(5) d,,,,"N,R",2000Mo36,RMP 72 351 (00)
1H,0,stable,1/2+,+2.79284734(3) d,,,,"M/N,R",2000Mo36,RMP 72 351 (00)
2H,0,stable,1+,+0.857438228(9) d,,,[1H],"N,R",2000Mo36,RMP 72 351 (00)
3H,0,12.33 y,1/2+,+2.97896244(4),,,[1H],"N,R",1977Ne16,ZETF 72 1659 (77)
3He,0,stable,1/2+,-2.12749772(3),,,[1H],"N,R",2000Mo36,RMP 72 351 (00)
6Li,0,stable,1+,+0.8220473(6),,,,AB/D,1974Be50,ZP 270 173 (74)
7Li,0,stable,3/2-,+3.256427(2),,,,AB/D,1974Be50,ZP 270 173 (74)
8Li,0,842 ms,2+,+1.65356(2),,,[1H],β-NMR,1978Wi13/1962Co08,PL A67 423 (78)/PR 126 1506 (62)
9Li,0,178 ms,3/2-,3.43678(6),,,[8Li],β-NMR,2005BO45,PR C72 044309 (05)
11Li,0,8.5 ms,3/2-,+3.6712(3),,,[9Li],β-NMR,2008NE11,PRL 101 132502 (08)
7Be,0,53.3 d,3/2-,-1.39928(2),,,,LMDR,2008OK01,PRL 101 212502 (08)
9Be,0,stable,3/2-,-1.177432(3) d,,,,R,1983It03,PR B27 1906 (83)
10Be,3368,0.14 ps,2+,,-0.08(7),,,CER,2012Or05,PR C86 041303(R) 2012
11Be,0,13. 8 s,3/2-,-1.6814(13),,,[8Li],β-NMR,98KaZN,NuoC 111 110 (98)
8B,0,0.77 s,2+,1.0355(3),,,,β-NMR,1973Mi01,JPJS 34 156 (73)
10B,0,stable,3+,+1.80064478(6),,,[2H],"N,MB",1939Mi05,ZNat 30a 955 (75)/PR 56 165 (39)
11B,0,stable,3/2-,+2.6886489(10),,,[10B],"N, MB",1975Ep02/1939Mi05,ZNat 30a 955 (75)/PR 56 165 (39)
12B,0,20.4 ms,1+,+1.00(2),,,,β-NMR,2010Zn03,Chin Phys Lett 27 022102 (10)
13B,0,17.4 ms,3/2-,"+3.1778(5) K,d",,,,β-NMR,2004Na38,NP A746 509c (04)
14B,0,13.8 ms,2-,1.185(5),,,[12B],β-NMR,1995Ok04,PL B354 41 (95)
15B,0,10.3 ms,3/2-,2.659(15),,,[12B],β-NMR,1995Ok04,PL B354 41 (95)
17B,0,5.1 ms,(3/2-),2.55(2),,,[12B],β-NMR,1996Ue02,PR C53 2142 (96)
9C,0,126 ms,3/2-,1.3914(5),,,,β-NMR,1995Ma48,NP A588 153c (95)
11C,0,20.4 m,3/2-,-0.964(1),,,[13C],"AB, R",1970Wo11,ZP 236 337 (70)
12C,4438,45 fs,2+,,+0.06(3),R,,CER,1983Ve01,PL B122 23 (83)
13C,0,stable,1/2-,+0.7024118(14),,,[1H],N,1954Ro34,PR 96 543 (54)
14C,6728,67 ps,3-,0.82(2),,,,RIV/D,1974Al07,PR C9 1748 (74)
15C,0,2.45 s,1/2+,1.720(9),,,,β-NMR,2002As06,NP A704 88c (02)
17C,0,193 ms,(3/2+),0.758(4),,,,β-NMR,2002Og02,EurPJ A13 81 (02)
12N,0,11.0 ms,1+,0.4571(1),,,,β-NMR,2010ZN03,Chin Phys Lett 27 022102 (10)
13N,0,9.96 m,1/2-,0.3222(4),,,[14N],"AB, R",1964Be24,PR 136 B27 (64)
14N,0,stable,1+,+0.40376100(6),,,[1H],N,1976Fu06/1951Pr02,JPCR 5 835 (76)/PR 81 20 (51)
15N,0,stable,1/2-,-0.28318884(5),,,[14N],N,1962Ba63,JCP 36 152 (62)
16N,0,7.13 s,2-,1.9859(11) d,,,[12N],β-NMR,2001Ma42,PRL 86 3735 (01)
17N,0,4.17 s,1/2-,0.3551(4),,,,β-NMR,2009DE34,PR C80 037306 (09)
18N,0,624 ms,1-,0.3273(4),,,,β-NMR,2009DE34,PR C80 037306 (09)
19N,0,0.27 s,1/2-,0.305(15),,,,β-NMR,2004Ka22,NP A734 481 (04)
13O,0,8..6 ms,3/2-,"1.3891(3) d, K",,,[1H],β-NMR,1996Ma38,HFI 97/98 519 (96)
15O,0,122 s,1/2-,0.71951(12) c,,,,β-NMR,1993Ta28,HFI 78 105 (93)
16O,6130,18.4 ps,3-,+1.668(12),,,,RIV/D,1984As03,JP G10 1079 (84)
17O,0,stable,5/2+,-1.89379(9),,,[2H],N,1951Al08,PR 81 1067 (51)
18O,1982,2.07 ps,2+,-0.57(3),,,,RIV/D,1976As04,JP G2 477 (76)
19O,0,27 s,5/2+,1.53195(7) c,,,[17O],β-NMR,1999Mi16,PL B457 9 (99)
20O,1674,7.4 ps,2+,0.70(3),,,,RIV/D,1980Ru01,NP A344 294 (80)
17F,0,64.5 s,5/2+,+4.7213(3),,,[12B],β-NMR,1993Mi33,HFI 78 111 (93)
18F,937,47 ps,3+,+1.6(2),,,,IMPAC,1981St21,JPJa 50 2804 (81)
19F,0,stable,1/2+,+2.628868(8),,,[1H],N,1952Li18/1964Ba11,ArkF 4 1 (52)/PR 133 A1533 (64)
20F,0,11 s,2+,+2.09335(9),,,,β-NMR,1996MiZW,ARO p44 (96)
21F,0,4.16 s,5/2+,3.9194(12),,,,β-NMR,1999Mb13,HFI 120/121 673 (99)
22F,0,4.2 s,4+,(+)2.6944(4),,,,β-NMR,2010MI13,NP A834 75c (10)
17Ne,0,109 ms,1/2-,+0.7873(14),,,[21Ne],CFBLS,2005GE06,PR C71 064319 (2006)
19Ne,0,17.3 s,1/2+,-1.8846(8),,,[21Ne],CFBLS,2005GE06,PR C71 064319 (2006)
20Ne,1634,0.7 ps,2+,+1.08(8),,,,"RIV/D, R",1978Za13/1975Ho15,HFI 5 347 (78)/NP A248 291 (75)
21Ne,0,stable,3/2+,-0.661797(5),,,[2H],MB,1957La08,PR 107 1202 (57)
22Ne,1275,3.6 ps,2+,+0.65(2),,,,RIV/D,1977Ho01,NP A275 237 (77)
23Ne,0,37.6 s,5/2+,1.0817(9),,,,β-NMR,-,OULNS Ann. Rept. 2004 51 (05)
25Ne,0,0.60 s,1/2+,-1.0062(5),,,[21Ne],CFBLS,2005GE06,PR C71 064319 (2006)
20Na,0,0.446 s,2+,+0.3694(2),,,[23Na],OP/RD,1975Sc20,NP A246 187 (75)
21Na,0,22.5 s,3/2+,+2.38630(10),,,[23Na],AB,1965Am01,PR 137 B1157 (65)
22Na,0,2.60 y,3+,+1.746(3),,,[23Na],AB,1949Da01,PR 76 1068 (49)
23Na,0,stable,3/2+,+2.217522(2),,,,AB/D,1974Be50,ZP 270 173 (74)
24Na,0,15.0 h,4+,+1.6903(8),,,,AB/D,1966Ch15/1973CoZG,PR 150 933 (66)/BAPS 18 727 (73)
25Na,0,60 s,5/2+,+3.683(4),,,[23Na],OP/RD,1975De11,ZP A273 15 (75)
26Na,0,1.07 s,3+,+2.851(2),,,[23Na],ABLS,1978Hu12,PR C18 2342 (78)
27Na,0,0.29 s,5/2+,+3.895(5),,,[23Na],ABLS,1978Hu12,PR C18 2342 (78)
28Na,0,30.5 ms,1+,+2.426(5),,,[23Na],ABLS,1978Hu12,PR C18 2342 (78)
29Na,0,43 ms,3/2+,+2.449(8),,,[23Na],ABLS,1978Hu12,PR C18 2342 (78)
30Na,0,53 ms,2+,+2.083(10),,,[23Na],ABLS,1978Hu12,PR C18 2342 (78)
31Na,0,17 ms,3/2+,+2.305(8),,,[23Na],"ABLS,R",1978Hu12,PR C18 2342 (78)
21Mg,0,122 ms,5/2+,-0.983(7),,,[25Mg],CFBLS/β-NMR,2009KR05,PL B 678 465 (09)
23Mg,0,11.3 s,3/2+,0.5364(3),,,,β-NMR,1993Fu06,PL B307 278 (93)
24Mg,1369,1.45 ps,2+,+1.02(4),,,,RIV/D/IMPAC,1975Ho15/1974Eb02,NP A248 291 (75)/NP A229 162 (74)
25Mg,0,stable,5/2+,-0.85545(8),,,[14N],N,1951Al11,PR 82 105 (51)
26Mg,1809,476 fs,2+,+1.0(3),,,[24Mg 1369],TF,1981Sp04,PL 102B 6 (81)
27Mg,0,9.46 m,1/2+,-0.411(2),,,[25Mg],CLS,2008KO05,PR C77 034307 (08)
29Mg,0,1.30 s,3/2+,+0.9780(6),,,[25Mg],β-NMR/LRS,2008Ko05,PR C77 034307 (08)
31Mg,0,230 ms,1/2+,-0.88355(15),,,[25Mg],β-NMR/LRS,2005Ne01,PRL 94 022501 (05)
33Mg,0,90.5 ms,3/2+,-0.7456(5),,,[31Mg],β-NMR/LRS,2007Yo06,PRL 99 212501 (07)
23Al,0,37.2 s,5/2+,+3.889(5),,,,β-NMR,2006Oz04,PR C74 021301 (06)
24Al,426,131 ms,1+,2.99(9),,,,β-NMR,2007NI14,HFI 180 71 (07)
25Al,0,7.18 s,5/2+,3.6455(12),,,,β-NMR,1976Mi11,PR C14 376 (76)
26Al,0,7x10*5 y,5+,+2.804(4),,,[27Al],ABLS,1996Co04,JP G22 99 (96)
27Al,0,stable,5/2+,+3.6415069(7),,,[2H],N,1968Ep01,ZNat 23a 1413 (68)
28Al,0,2.24 m,3+,3.242(5),,,,β-NMR,1981Mi14,PL 106B 38 (81)
30Al,0,3.63 s,3+,3.010(7),,,,β-NMR,2005UE01,PL B615 186 (2005)
31Al,0,644 ms,(5/2+),+3.830(5),,,,β-NMR,2006HI18,PL B643 257 (06)
32Al,0,33 ms,1+,1.952(2),,,,β-NMR,2006HI18,PL B643 257 (06)
33Al,0,44 ms,(5/2+),+4.088(5),,,,β-NMR,2006HI18,PL B643 257 (06)
34Al,0,56 ms,4-,(+)2.156(16),,,,β-NMR,2008HI01,PL B658 203 (08)
27Si,0,4.1 s,5/2+,(-)0.8652(4) d,,,,β-NMR,1998MaZJ,ARO 49 (97)
28Si,1779,0.49 ps,2+,+1.1(2),,,,IMPAC,1975Eb01,NP A244 1 (75)
29Si,0,stable,1/2+,-0.55529(3),,,[2H],N,1953We51,PR 89 923 (53)
30Si,2235,0.25 ps,2+,+0.8(2),,,,"IMPAC, R",1978Za13,HFI 5 347 (78)
33Si,0,6.332 s,(3/2+),1.21(3),,,,"β-NMR, OP/RD",92MA52,HFI 74 223 (1992)
35Si,0,0.78 s,7/2-,(-) 1.638(4),,,,β-NMR,2007NE14,Eur Phys J (Sp Topics) 150 149 (07)
28P,0,270 ms,3+,0.312(3),,,,β-NMR,2010 MAZJ,7th China-Japan NP Symp 260 (10)
29P,0,4.1 s,1/2+,1.2346(3),,,,β-NMR,2009ZH53,Chin Phys C33 Supp 1 215 (09)
31P,0,stable,1/2+,+1.13160(3),,,[23Na],N,1954Wa37,ORNL 1775 (54)
32P,0,14.28 d,1+,-0.2524(3),,,,ENDOR,1957Fe32,PR 107 1462 (57)
31S,0,2.6 s,1/2+,0.48793(8),,,,β-NMR,1976Mi16,PR C14 2335 (76)
32S,2230,0.16 ps,2+,+0.9(2),,,,TF,2006SP01,PL B632 207 (2006)
33S,0,stable,3/2+,+0.6438212(14),,,[2H],N,1973Lu06/1951Dh01,ZNat 28a 1370 (73)/PR 83 845 (51)
34S,2128,0.32 ps,2+,+1.0(2),,,,IMPAC,1979Za01,NP A315 133 (79)
35S,0,87.4 d,3/2+,+1.00(4) or +1.07(4),,,,MA,1954Bu05,PR 93 193 (54)
38S,1292,3.4 ps,2+,+0.26(10),,,,TF,2006ST21,"PRL 96, 112503/PR C74 054307 (06)"
40S,904,14.6 ps,2+,-0.02(12),,,,TF,2006ST21,"PRL 96, 112503/PR C74 054307 (06)"
43S,320,415 ns,7/2-,1.110(14),,,,TDPAD,2009GA05,PRL 102 092501 (09)
32Cl,0,298 ms,1+,+1.114(6),,,,β-NMR,2000Ro30,PR C62 044312 (00)
33Cl,0,2.52 s,3/2+,+ 0.7549(3) d,,,,β-NMR,2004Ma98,NP A746 493c (04)
35Cl,0,stable,3/2+,+0.8218743(4),,,[2H],N,1972Bl07,ZNat 27a 72 (72)
36Cl,0,53.0x10  y,2+,+1.28547(5),,,[2H],N,1955So10,PR 98 1316 (55)
37Cl,0,stable,3/2+,+0.6841236(4),,,[2H],N,1972Bl07,ZNat 27a 72 (72)
38Cl,0,37.3 m,2-,2.05(2),,,,β-NMR,1972La22,ZP 252 242 (72)
44Cl,0,0.56 s,(2-),(-)0.2749(2),,,,β-NMR,2010DE11,PR C81 034308 (10)
33Ar,0,0.174 s,1/2+,-0.723(6),,,[37Ar],CFBLS/β-NMR,1996Kl04,NP A607 1 (96)
35Ar,0,1.78s,3/2+,+0.6322(2),,,,β-NMR,2002Ma41,NP A701 383c (02)
36Ar,1970,0.45 ps,2+,+1.0(4),,,,TF,2006SP01,PL B632 207 (2006)
38Ar,2167,0.49 ps,2+,+0.5(2),,,,TF,2006SP01,PL B632 207 (2006)
39Ar,0,269 y,7/2-,-1.588(15),,,[37Ar],CFBLS/β-NMR,1996Kl04,NP A607 1 (96)
40Ar,1461,1.12 ps,2+,-0.04(6),,,,TF,2008SP04,PR C78 017304 (08)
41Ar,0,1.82 h,7/2-,-1.309(8),,,[39Ar],CFBLS,2008BL01,NP A799 30 (2008)
43Ar,0,5.37 m,5/2-,-1.021(6),,,,CFBLS,2008BL01,NP A799 30 (2008)
35K,0,178 ms,3/2+,0.392(7),,,,β-NMR,2006ME04,PR C73 024318 (06)
36K,0,0.34 s,2+,(+)0.548(1),,,[39K],OP/RD,1975Sc20,NP A246 187 (75)
37K,0,1.23 s,3/2+,+0.20321(6),,,,OP/RD,1971Vo03,ZP 244 44 (71)
38K,0,7.61 m,3+,+1.371(6),,,[39K],"AB, R",1982To02,PL 108B 169 (82)
39K,0,stable,3/2+,+0.39147(3),,,,ABLS,1993Du08,NIMPR A325 465 (93)
40K,0,1.3x10*9y,4-,-1.298100(3),,,[2H],N,1974Sa24,ZNat 29a 1754 (74)
41K,0,stable,3/2+,+0.2148701(2),,,,AB/D,1974Be50,ZP 270 173 (74)
42K,0,12.36 h,2-,-1.1425(6),,,,AB/D,1969Ch20/1973CoZG,PR 184 1102 (69)/BAPS 18 727 (73)
43K,0,22.3 h,3/2+,+0.1633(8),,,[39K),"ABLS, R",1982To02/1982Du06,PL 108B 169 (82)/JPPa 43 509 (82)
44K,0,22.1 m,2-,-0.856(4),,,[39K],"ABLS, R",1982To02/1982Du06,PL 108B 169 (82)/JPPa 43 509 (82)
45K,0,20 m,3/2+,+0.1734(8),,,[39K],"AB, R",1982To02,PL 108B 169 (82)
46K,0,115 s,2-,-1.051(6),,,[39K],ABLS,1982To02,PL 108B 169 (82)
47K,0,17.5 s,1/2+,+1.933(9),,,[39K],ABLS,1982To02,PL 108B 169 (82)
49K,0,1.26 s,1/2+,+1.3386(8),,,[39K],CLS,2013Pa11,PRL 110 172503 (2013)
51K,0,365 ms,(3/2+),+0.513(2),,,[39K],CLS,2013Pa11,PRL 110 172503 (2013)
39Ca,0,0.86 s,3/2+,1.02168(12),,,,β−NMR,1976Mi05,PL 61B 155 (76)
40Ca,3737,47 ps,3-,+1.6(3),,,,"TFL RIGV,R",1979Ni04/1976Ja16,PRL 43 326 (79)/PR C14 2013 (76)
41Ca,0,51.0x10  y,7/2-,-1.594781(9),,,[2H],N,1962Br30,PRL 9 166 (62)
42Ca,1525,1.1 ps,2+,+0.08(12),,,,TF,2003Sc21,PL B571 29 (03)
43Ca,0,stable,7/2-,-1.3173(6),,,[23Na],OP/RD,1972Ol01,ZP 249 205 (72)
44Ca,1157,3.0 ps,2+,+0.24(10),,,,TF,2003Ta05,PL B571 29 (03)
45Ca,0,165 d,7/2-,-1.3274(14),,,[43Ca],"ABLFS, R",1983Ar25/1981Ar15,ZP A314 303 (83)/HFI 9 159 (81)
46Ca,1.346,4.6 ps,2+,-0.52(12),,,[46Ti 889],TF,2005Ta02,PL B605 265 (05)
47Ca,0,4.5 d,7/2-,-1.38(3),,,[43Ca],ABLFS,1982An15,PR C26 2194 (82)
49Ca,0,,3/2-,-1.38(6),,,,CFBLS,1993VEZY,IoP Phys Conf Ser 132 193 (1992)
41Sc,0,0.59 s,7/2-,+5.431(2) d,,,[12B],β-NMR,1990Mi16,NP A516 365 (90)
43Sc,0,3.89 h,7/2-,+4.528(10),,,[45Sc],CLS,2011AV01,J.Phys.G 38 025104 (2011)
44Sc,0,3.89 h,2+,+2.499(5),,,[45Sc],CLS,2011AV01,J.Phys.G 38 025104 (2011)
45Sc,0,stable,7/2-,+4.756487(2),,,[2H],N,1969Lu01,PL 29A 58 (69)
46Sc,0,83.81 d,4+,+3.042(8),,,[45Sc],CLS,2011AV01,J.Phys.G 38 025104 (2011)
47Sc,0,3.42 d,7/2-,+5.34(2),,,[45Sc],AB,1966Co13,PR 141 1106 (66)
48Sc,0,43.7 h,6+,3.785(12),,,,NMR/ON,2007OH10,HI 180 79 (07)
49Sc,0,57.2 m,7/2-,(+)5.62(3),,,,NMR/ON,2012OH01,PRL 109 032504 (12)
43Ti,0,0.50 s,7/2-,0.85(2),,,,β-NMR,1993Ma67,HFI 78 123 (93)
44Ti,1083,2.75 ps,2+,+1.0(3),,,,TF,2003SC19,PL B567 153 (03)
45Ti,0,3.09 h,7/2-,0.095(2),,,"[47,49Ti]",AB,1966Co19,PR 148 1157 (66)
46Ti,889,5.36 ps,2+,+0.99(5),,,,TF,2000Er06,PR C62 024305 (00)
47Ti,0,stable,5/2-,-0.78848(1),,,[39K],N,1965Dr03,PhMg 12 1061 (65)
48Ti,984,4.29 ps,2+,+0.78(4),,,,TF,2000Er06,PR C62 024305 (00)
49Ti,0,stable,7/2-,-1.10417(1),,,[39K],N,1965Dr03/1953Je16,PhMg 12 1061 (65)/PR 92 1262 (53)
52Ti,1050,3.6 ps,2+,+1.7(4),,,,TF,2006SP02,PL B633 219 (06)
46V,802,1.02 ms,3+,+1.64(3),,,,TDPAD,1982Si15,ZP A309 71 (82)
48V,0,15.94 d,4+,2.012 (11),,,[51V],NMR/ON,1980Bu11,HFI 8 59 (80)
49V,0,330 d,7/2-,4.47(5),,,[51V],EPR,1957We17,BAPS 2 31 (57)
50V,0,171.5x10y,6+,+3.3456889(14),,,[2H],N,1981Ha26,ZP A300 111 (81)
51V,0,stable,7/2-,+5.1487057(2),,,[2H],N,1981Ha26/1951Pr02,ZP A300 111 (81)/PR 81 20 (51)
49Cr,0,41.9 m,5/2-,0.476(3),,,[53Cr],AB,1970Jo27,PS 2 16 (70)
50Cr,783,9.2 ps,2+,+1.24(6),,,,TF,2000Er06,PR C62 024305 (00)
51Cr,0,27.7 d,7/2-,(-)0.934(5),,,[53Cr],AB,1970Ad07,ArkF 40 457 (70)
52Cr,1434,0.707 ps,2+,+2.41(13),,,,TF,2000Er06,PR C62 024305 (00)
53Cr,0,stable,3/2-,-0.47454(3),,,[14N],N,1953Al06,HPAc 26 426 (53)
54Cr,835,8.0 ps,2+,+1.68(11),,,,TF,2001Wa36,PR C64 034320 (01)
50Mn,229,1.75 m,5+,+2.76(1),,,[55Mn],TLS,2010CH15,PL B690 346 (10)
51Mn,0,stable,5/2-,3.5683(13),,,[55Mn],AB,1971Jo10,NP A166 306 (71)
52Mn,,,,,+0.50(7) st,R,[55Mn],NMR/ON,1970Ni11,Phca 50 259 (70)
53Mn,0,63.7x10  y,7/2-,5.035(1),,,[55Mn],TLS,2010CH15,PL B690 346 (10)
54Mn,0,312 d,3+,3.306(1),,,[55Mn],TLS,2010CH15,PL B690 346 (10)
55Mn,0,stable,5/2-,3.4532(13),,,,ENDOR,1971Sa16,CJP 49 2276 (71)
56Mn,0,2.58 h,3+,+3.2266(2),,,[55Mn],"AB, OP/RD",1961Ch05,PR 122 891 (61)
53Fe,741,64 ns,3/2-,-0.386(15),,,,TDPAD,1989Ra17,ARHMI 64 (74)
54Fe,1408,0.80 ps,2+,+1.70(13),,,[56Fe 847] R,"TF, R",2009EA01,PR C79 024304 (09)
55Fe,931,8.3 ps,5/2-,+2.7(12),,,,TDPAD,1973Ke03,CJP 51 707 (73)
56Fe,847,6.9 ps,2+,1.02(11),,,,"TF, R",2009EA01,PR C79 024303 (09)
57Fe,0,stable,1/2-,+0.09044(7),,,,ENDOR,1965Lo11,PR 139 A991 (65)
58Fe,811,6.7 ps,2+,+0.94(5),,,[56Fe 847 R],"TF, R",2009EA01,PR C79 024304 (09)
59Fe,0,44.6 d,3/2-,-0.3358(4),,,,NMR/ON(β),1996Oh02,PR C54 554 (96)
61Fe,861,245 ns,(9/2+),-1.031(9),,,,TDPAD,2004MA80,
55Co,0,17.5 h,7/2-,+4.822(3),,,,NMR/ON,1973Ca06,NP A201 561 (73)/HFI 2 45 (76)
56Co,0,78.8 d,4+,3.85(1),,,[60Co],NMR/ON,1977St36,JP C10 3651 (77)
57Co,0,271 d,7/2-,+4.720(10),,,[60Co],NMR/ON,1972Ni01,JP C10 3651 (77)/Phca 57 1 (72)
58Co,0,70.8 d,2+,+4.044(8),,,[59Co],NMR/ON,1972Ni01,Phca 57 1 (72)
59Co,0,stable,7/2-,+4.627(9),,,,N,1967Wa16/1951Pr02,PR 162 301 (67)/PR 81 20 (51)
60Co,0,5.271 y,5+,+3.799(8),,,[59Co],NMR/ON,1972Ni01,Phca 57 1 (72)
55Ni,0,204 ms,3/2-,(-)0.98(3),,,,β-NMR,2009BE22,PR C79 064305 (09)
57Ni,0,36 h,3/2-,-0.7975(14),,,,NMR/ON(β),1996Oh02,PR C54 554 (96)
58Ni,1454,0.644 ps,2+,+0.076(17),,,,TF,2001KE02,PR C63 021302
59Ni,339,83 ps,5/2-,+0.35(15),,,,IPAD,1974We05,CJP 52 1137 (74)
60Ni,1332,0.713 ps,2+,+0.32(6),,,,TF,2001KE02,PR C63 021302
61Ni,0,stable,3/2-,-0.75002(4),,,[17O],"N, R",1964Dr02/1976Fu06,PL 11 114 (64)/JPCR 5 835 (76)
62Ni,1173,1.43 ps,2+,+0.33(5),,,,TF,2001KE02,PR C63 021302
63Ni,87,1.72 μs,5/2-,+0.752(3),,,[19F 197],TDPAD,1970Bl06,PL 32B 41 (70)
64Ni,1346,0.85 ps,2+,+0.37(6),,,,TF,2001KE02,PR C63 021302 (01)
65Ni,0,2.520 h,5/2-,0.69(6),,,,NO/S,1976Kr09,PR C14 650 (76)
67Ni,0,21 s,1/2-,+0.601(5),,,,NMR/ON(β),2000Ri14,PRL 85 1392 (00)
57Cu,0,196 ms,3/2-,+2.582(7),,,[63Cu],GCLS,2010CO01,PR C81 014314 (10)
58Cu,0,3.2 s,1+,+0.570(2),,,[65Cu],CLS,2011Vi03,PL B703 34 (2011)
59Cu,0,81.5 s,3/2-,+1.8910(9),,,[65Cu],CLS,2011Vi03,PL B703 34 (2011)
60Cu,0,23.4 m,2+,+1.2186(5),,,[65Cu],CLS,2011Vi03,PL B703 34 (2011)
61Cu,0,3.41 h,3/2-,+2.1083(5),,,[65Cu],CLS,2011Vi03,PL B703 34 (2011)
62Cu,0,9.73 m,1+,-0.3796(4),,,[65Cu],CLS,2011Vi03,PL B703 34 (2011)
63Cu,0,stable,3/2-,+2.2236(4),,,[65Cu],CLS,2010VI07,PR C82 064311 (10)
64Cu,0,12.7 h,1+,-0.2164(4),,,[65Cu],CLS,2010VI07,PR C82 064311 (10)
65Cu,0,stable,3/2-,+2.3817(3),,,,AB/D,,"Cf66 Paris, 355 (66)"
66Cu,0,5.1 m,1+,-0.2823(8),,,[65Cu],CLS,2010VI07,PR C82 064311 (10)
67Cu,0,61.83 h,3/2-,+2.5142(6),,,[65Cu],CLS,2010VI07,PR C82 064311 (10)
68Cu,0,31.1 s,1+,+2.3933(6),,,[65Cu],CLS,2010VI07,PR C82 064311 (10)
69Cu,0,2.85 m,3/2-,+2.8383(10),,,[65Cu],CLS,2010VI07,PR C82 064311 (10)
70Cu,0,44.5 s,6-,+1.3666(5),,,[65Cu],CLS,2010VI07,PR C82 064311 (10)
71Cu,0,19.5 s,3/2-,+2.2747(8),,,[65 Cu],LRIS/CLS,2009FL03,PRL 103 142501 (09)
72Cu,0,6.62 s,2-,-1.3472(10),,R,[65Cu],RILIS,2010Fl02,PR C82 041302(R) (10)
73Cu,0,4.2 s,3/2-,+1.7426(8),,,[65 Cu],ISLS/CLS,2009FL03,PRL 103 142501 (2009)
74Cu,0,1.63 s,2-,-1.068(3),,R,[65Cu],RILIS,2010Fl02,PR C82 041302(R) (10)
75Cu,0,1.22 s,5/2-,+1.0062(13),,,[65 Cu],ISLS/CLS,2009FL03,PRL 103 142501 (2009)
76Cu,0,641 ms,(6-),0.0(4),,,[63Cu],ISLS,2011Ko36,PR C84 034320 (2011)
77Cu,0,467 ms,5/2-,+1.61(5),,,[63Cu],ISLS,2011Ko36,PR C84 034320 (2011)
62Zn,954,2.9 ps,2+,+0.7(2),,,,TF,2002Ke02,PR C65 034308 (02)
63Zn,0,38.1 m,3/2-,-0.28164(5),,,[67Zn],OD,1969La05,PR 177 1606 (69)
64Zn,992,1.85 ps,2+,+0.89(6),,,,TF,2005LE12,PR C71 034303 (2005)
65Zn,0,244.1 d,5/2-,+0.7690(2),,,[67Zn],OD,1964By01,PR 134 A47 (64)
66Zn,1039,1.56 ps,2+,+1.06(10),,,,TF,2006LE24,PR C73 064305 (10)
67Zn,0,stable,5/2-,+0.875479(9),,,[1H],"OP/RD, N",1967Sp04,PL 24A 430 (67)
68Zn,1077,1.61 ps,2+,+1.08(6),,,,TF/R,2010Mo14,PR C82 014301 (2010)
69Zn,439,13.72 h,9/2+,1.157(2),,,[65Zn],"NMR/ON, R",1992Be51/1989He05,HFI 75 301 (92)/ZP A332 247 (89)
70Zn,885,3.2 ps,2+,+0.76(4),,,,TF,2009MU06,PR C79 054310 (09)
71Zn,158,3.94 h,9/2+,1.052(6),,,[65Zn],"NMR/ON, R",1992Be51/1989He05,HFI 75 301 (92)/ZP A332 247 (89)
72Zn,653,20 ps,2+,+0.36(34),,,,HVTF,2012Fi02,PR C85 034334 (12)
63Ga,0,32.4 s,3/2-,+0.1469(5),,,[69Ga],CLS,2012Pr11,PR C86 034329 (2012)
66Ga,66,23 ns,2+,1.01(2),,,,"TDPAD, R",1976Le03,NP A258 103 (76)
67Ga,0,78.3 h,3/2-,+1.8507(3),,,"[69,71Ga]",AB,1968Eh02,PR 176 25 (68)
68Ga,0,68.1 m,1+,0.01175(5),,,"[69,71Ga]",AB,1962Eh02,PR 127 529 (62)
69Ga,0,stable,3/2-,+2.01659(5),,,[23Na],N,1954Wa37,ORNL-1775 (54)
70Ga,0,21.1 m,1+,+0.571(2),,,[69Ga],CLS,2011Pr11,PR C86 034329 (2012)
71Ga,0,stable,3/2-,+2.56227(2),,,[23Na],N,1954Wa37,ORNL-1775 (54)
72Ga,0,14.1 h,3-,-0.134(4),,,[71Ga],LRS,2011Ma45,PR C84 024303 (2011)
73Ga,0,4.86 h,3/2-,+0.209(2),,,[71Ga],CLS,2010Ch16,PRL 104 252502 (10)
74Ga,0,8.12 m,if 3-,0.00(8),,,[71Ga],LRS,2011Ma45,PR C84 024303 (2011)
75Ga,0,126 s,3/2-,+1.836(4),,,[71Ga],CLS,2010Ch16,PRL 104 252502 (10)
76Ga,0,32.6 s,(2+),-0.946(4),,,[71Ga],LRS,2011Ma45,PR C84 024303 (2011)
77Ga,0,13.2 s,3/2-,+2.020(3),,,[71Ga],CLS,2010Ch16,PRL 104 252502 (10)
78Ga,0,5.1 s,(2+),-1.215(5),,,[71Ga],LRS,2011Ma45,PR C84 024303 (2011)
79Ga,0,2.85 s,3/2-,+1.047(3),,,[71Ga],CLS,2010Ch16,PRL 104 252502 (10)
80Ga,0?,0.2 - 1.7 s,(3-),-1.425(5),,,[71Ga],CLS,2010Ch50,PR C82 051302(R) (10)
81Ga,0,1.22 s,5/2-,+1.747(5),,,[71Ga],CLS,2010Ch16,PRL 104 252502 (10)
67Ge,752,146 ns,9/2+,-0.849(12),,,[69Ge 398],TDPAD,1991Le31,NIMPR B56/57 851 (91)
68Ge,1016,2.9 ps,2+,+1.1(3),,,,TF,2005LE19,
69Ge,0,39.0 h,5/2-,0.735(7),,,[73Ge],AB,1970Ol02,PR C2 228 (70)
70Ge,1039,1.32 ps,2+,+0.88(8),,,,TF,2013Gu23,PR C88 014301 (2013)
71Ge,0,11.2 d,1/2-,+0.547(5),,,[73Ge],"AB, R",1966Ch02,PR 141 15 (66)/PR C1 750 (70)
72Ge,834,3.29 ps,2+,+0.88(4),,,,TF,2013Gu23,PR C88 014301 (2013)
73Ge,0,stable,9/2+,-0.8794677(2),,,[2H],N,1974Sa25,ZNat 29a 1763 (74)
74Ge,596,12.5 ps,2+,+0.70(2),,,,TF,2013Gu23,PR C88 014301 (2013)
75Ge,0,82.8 m,1/2-,+0.510(5),,,[73Ge],AB,1970Ol02,PR C2 228 (70)
76Ge,563,18.6 ps,2+,+0.64(2),,,,TF,2013Gu23,PR C88 014301 (2013)
68As,2159,37 ns,"(7,8)-",|g|=0.23(2),,,,TDPAD,1986RaZU,BAPS 31 1210 (86)
69As,0,15.2 m,5/2-,+1.623(2),,,,NMR/ON,2005GO44,PR C72 064316 (05)
70As,0,53 m,4+,+2.1061(2),,,[75As],AB,1980Ho02,ZP A294 1 (80)
71As,0,65.3 h,5/2-,(+)1.674(2),,,,NMR/ON,1976He25/1976He06,HFI 2 294 (76)/NP A259 378 (76)
72As,0,26 h,2-,-2.1566(3),,,[75As],AB,1980Ho02,ZP A294 1 (80)
73As,66,5.0 ns,5/2-,+1.63(10),,,,TDPAC,1963Bo26,PL 6 290 (63)
74As,0,17.8 d,2-,-1.597(3),,,[75As],NMR/ON,1972Ka35,NP A193 410 (72)
75As,0,stable,3/2-,+1.43948(7),,,[2H],N,1953Ti01/1952Je05,PR 89 595 (53)/PR 85 478 (53)
76As,0,26.3 h,2-,(-)0.9028(10),,,[75As],NMR/ON(β),1999Oh01,PR C59 669 (99)
77As,0,38.8 h,3/2-,+1.2946(13),,,[75As],NMR/ON(β),1999Oh01,PR C59 669 (99)
70Se,945,1.5 ps,2+,,prolate shape,,,CER,2007HU03,PRL 98 072501 (07)
73Se,0,7.1 h,9/2+,0.892(13),,,,NMR/ON,2001St31,HFI 133 117 (2001)
74Se,635,7.08 ps,2+,+0.86(5),,,[82Se 654],TF,1998SP03,PR C57 2181 (98)
75Se,0,118.5 d,5/2+,0.683(10),,,,NMR/ON,2001ST31,Hyp Int 133 117 (2001)
76Se,559,12.3 ps,2+,+0.80(5),,,[82Se 654],TF,1998Sp03,PR C57 2181 (98)
77Se,0,stable,1/2-,+0.5350422(6),,,[23Na],N,1978Ko39/1953We51,ZNat 33a 1025 (78)/ PR 89 923 (53)
78Se,614,8.6 ps,2+,+0.77(5),,,[82Se 654],TF,1998Sp03,PR C57 2181 (98)
79Se,0,4<6.5x10  y,7/2+,-1.018(15),,,,MA,1953Ha50,PR 92 1532 (53)
80Se,666,8.0 ps,2+,+0.87(5),,,[82Se 654],TF,1998Sp03,PR C57 2181 (98)
82Se,654,11.3 ps,2+,+0.99(6),,,,TF,1978Br38,HFI 4 268 (78)
72Br,0,79 s,(3+),0.60(10),,,,NO/S,1992Ba68,HFI 75 433 (92)
73Br,241,34.7 ns,3/2-,1.97(13),,,,TDPAD,1987He27,PR C36 2409 (87)
74Br,14,46 m,4(+),1.68(18),,,,NO/S,1992Gr20,PR C46 2228 (92)
75Br,0,97 m,3/2-,0.76(18),,,,NO/S,1992Gr20,PR C46 2228 (92)
76Br,0,16.1 h,1-,0.54821(2),,,"[79,81Br]",AB,1960Li11,PR 119 1053 (60)
77Br,0,57 h,3/2-,0.92(5),,,,NO/S,1992Gr20,PR C46 2228 (92)
78Br,0,6.46 m,1+,0.13(3),,,,NO/S,1992Pr06,HFI 75 275 (92)
79Br,0,stable,3/2-,+2.106400(4),,,[2H],N,1972Bl07,ZNat 27a 72 (72)
80Br,0,17.6 m,1+,0.5140(6),,,"[79,81Br]",AB,1964Wh05,PR 136 B584 (64)
81Br,0,stable,3/2-,+2.270562(4),,,[2H],N,1972Bl07,ZNat 27a 72 (72)
82Br,0,35.3 h,5-,+1.6270(5),,,"[79,81Br]",AB,1959Ga12,PR 116 393 (59)
84Br,0,31.8 m,2-,1.9(7),,,,NO/S,1992Pr06,HFI 75 275 (92)
76Kr,424,17 ps,2+,+0.7(2),,,,TF,2004KU11,PL B591 213 (04)
77Kr,0,74.4 m,5/2+,-0.583(3) d,,,[83Kr],CFBLS,1995Ke04,NP A586 219 (95)
78Kr,455,17 ps,2+,+0.86(2),,,,TF,2004KU11,PL B591 213 (04)
79Kr,0,35.04 h,1/2-,+0.536(2) d,,,[83Kr],CFBLS,1995Ke04,NP A586 219 (95)
80Kr,617,8.1 ps,2+,+0.76(10),,,,TF,2001Me20,PR C64 024314 (01)
81Kr,0,2.3 x 10*5 y,7/2+,-0.908(2) d,,,[83Kr],CFBLS,1995Ke04,NP A586 219 (95)
82Kr,777,4.5 ps,2+,+0.80(4),,,,TF,2001Me20,PR C64 024314 (01)
83Kr,0,stable,9/2+,-0.970669(3),,,[39K],"N, AB",1968Br16/1946Ke05,PL 27A 466 (68)/RMP 18 323 (46)
85Kr,0,10.76 y,9/2+,-1.005(2) d,,,[83Kr],CFBLS,1995Ke04,NP A586 219 (95)
86Kr,1565,0.26 ps,2+,+2.2(3),,,,TF,2001Me20,PR C64 024314 (01)
87Kr,0,76.3 m,5/2+,-1.023(2) d,,,[83Kr],CFBLS,1995Ke04,NP A586 219 (95)
89Kr,0,3.15 m,3/2+,-0.330(3) d,,,[83Kr],CFBLS,1995Ke04,NP A586 219 (95)
91Kr,0,8.57 s,5/2+,-0.583(2) d,,,[83Kr],CFBLS,1995Ke04,NP A586 219 (95)
93Kr,0,1.286 s,1/2+,-0.413(2) d,,,[83Kr],CFBLS,1995Ke04,NP A586 219 (95)
94Kr,666,8.7 ps,2+,,-0.5(3),R,,CER,2012Al03,PRL 108 062701 (2012)
95Kr,0,0.78 s,1/2+,-0.410(3) d,,,[83Kr],CFBLS,1995Ke04,NP A586 219 (95)
96Kr,554,12.4 ps,2+,,0.3(9),,,CER,2012Al03,PRL 108 062701 (2012)
76Rb,0,39 s,1(-),-0.3726228(14),,,[87Rb],ABLS,1986Du16/1981Th04,JPPa 47 1903 (86)/PR C23 2720 (81)
77Rb,0,3.8 m,3/2-,+0.6544680(16),,,[87Rb],ABLS,1986Du16/1981Th04,JPPa 47 1903 (86)/PR C23 2720 (81)
78Rb,103,6.3 m,4-,+2.549(2),,,[87Rb],ABLS,1981Th04,PR C23 2720 (81)
79Rb,0,23 m,5/2+,+3.3579(12),,,[87Rb],ABLS,1981Th04,PR C23 2720 (81)
80Rb,0,30 s,1+,-0.0836(6),,,,"OP/RD,R",1978Ek04,NP A311 269(78)
81Rb,0,4.58 h,3/2-,+2.0595(14),,,[87Rb],ABLS,1981Th04,PR C23 2720 (81)
82Rb,0,1.25 m,1+,+0.5545083(11),,,[87Rb],ABLS,1986Du16/1981Th04,JPPa 47 1903 (86)/PR C23 2720 (81)
83Rb,0,86.2 d,5/2-,+1.4249(8),,,[87Rb],ABLS,1981Th04,PR C23 2720 (81)
84Rb,0,33 d,2-,-1.324116(2),,,[87Rb],AB,1962Kh02,BAPS 7 476 (62)
85Rb,0,stable,5/2-,+1.35298(10),,,,ABLS,1993Du08,NIMPR A325 465 (93)
86Rb,0,18.65 d,2-,-1.6920(14),,,,AB/D,1961Br16,PR 123 1801 (61)
87Rb,0,4.9 10*10y,3/2-,+2.75131(12),,,,ABLS,1993Du08,NIMPR A325 465 (93)
88Rb,0,17.7 m,2-,0.508(5),,,[85Rb],AB,1968Va03,PR 166 1131 (68)
89Rb,0,15.2 m,3/2-,+2.3836(7),,,[87Rb],ABLS,1981Th04,PR C23 2720 (81)
90Rb,107,4.26 m,3-,+1.6160(6),,,[87Rb],ABLS,1981Th04,PR C23 2720 (81)
91Rb,0,58 s,3/2(-),+2.1815(15),,,[87Rb],ABLS,1981Th04,PR C23 2720 (81)
93Rb,0,5.85 s,5/2-,+1.410(2),,,[87Rb],ABLS,1981Th04,PR C23 2720 (81)
94Rb,0,2.73 s,3(-),+1.498(2),,,[87Rb],ABLS,1981Th04,PR C23 2720 (81)
95Rb,0,0.38 s,5/2-,+1.334(3),,,[87Rb],ABLS,1981Th04,PR C23 2720 (81)
96Rb,0,0.20 s,2+,+1.466(2),,,[87Rb],ABLS,1981Th04,PR C23 2720 (81)
97Rb,0,0.17 s,3/2-,+1.841(2),,,[87Rb],ABLS,1981Th04,PR C23 2720 (81)
77Sr,0,9 s,5/2+,-0.348(4),,,[87Sr],CFBLS,1992Li11,PR C46 797 (92)
79Sr,0,2.25 m,(3/2-),-0.474(4),,,[87Sr],CFBLS,1990Bu12,PR C41 2883 (90)
81Sr,0,22.3 m,1/2-,+0.543(4),,,[87Sr],CFBLS,1990Bu12,PR C41 2883 (90)
82Sr,573,8.9 ps,2+,+0.94(16),,,,TF,2008YU04/2010FA08,Chin Phys Lett 25 3617 (08)/NP A834 107c (2010)
83Sr,0,32.4 h,7/2+,-0.829(2),,,[87Sr],CFBLS,1990Bu12,PR C41 2883 (90)
84Sr,793,2.9 ps,2+,+0.96(2),,,,TF,2012Ku14,PR C85 044322 (12)
85Sr,0,64.8 d,9/2+,-1.000(2),,,[87Sr],CFBLS,1990Bu12,PR C41 2883 (90)
86Sr,1077,1.4 ps,2+,+0.57(3),,,,TF,2012Ku14,PR C85 044322 (12)
87Sr,0,stable,9/2+,-1.0928(7),,,[23Na],OP/RD,1972Ol01,ZP 249 205 (72)
88Sr,1836,0.15 ps,2+,+2.4(2),,,,TF,2012Ku14,PR C85 044322 (12)
89Sr,0,50.5 d,5/2+,-1.147(2),,,[87Sr],CFBLS,1990Bu12,PR C41 2883 (90)
91Sr,0,9.5 h,5/2+,-0.885(2),,,[87Sr],CFBLS,1990Bu12,PR C41 2883 (90)
93Sr,0,7.4 m,5/2+,-0.793(2),,,[87Sr],CFBLS,1990Bu12,PR C41 2883 (90)
95Sr,0,10.3 m,1/2-,-0.537(2),,,[87Sr],CFBLS,1990Bu12,PR C41 2883 (90)
97Sr,0,0.40 s,1/2-,-0.498(2),,,[87Sr],CFBLS,1990Bu12,PR C41 2883 (90)
98Sr,144,2.8 ns,2+,0.76(14),,,,IPAC,1989Wo05,PR C40 932 (89)
99Sr,0,0.269 s,3/2+,-0.261(5),,,"[88,98Sr]",CFBLS,1991Li05,PL B256 141 (91)
83Y,145,119 ps,(7/2+),+2.1(6),,,,IMPAD,1990Bh03,HFI 59 109 (90)
84Y,112,79 ns,(4+),+2.31(3),,,,TDPAD,2005IO02,PR C72 044313 (05)
85Y,20,4.9 h,9/2+,6.2(5),,,[87Y 381],NO/S,1988Be46,HFI 43 477 (88)
86Y,0,14.5 h,4-,<0.6,,,[87Y 381],NO/S,1988Be46,HFI 43 477 (88)
87Y,0,79.8 h,1/2-,-0.19(2),,,[89Y],CLS,2007Ch07,PL B645 133 (07)
88Y,0,,4-,-0.42(1),,,[89Y],CLS,2007Ch07,PL B645 133 (07)
89Y,0,stable,1/2-,-0.1374154(3),,,[2H],N,1977Ha12,ZP A280 117 (77)
90Y,0,64.1 h,2-,-1.630(8),,,[89Y],AB,1962Pe01,PR 125 284 (62)
91Y,0,58.5 d,1/2-,0.1641(8),,,[89Y],AB,1962Pe21,PR 128 1740 (62)
92Y,0,3.54 h,2-,-0.67(2),,,[89Y],CLS,2007Ch07,PL B645 133 (07)
93Y,0,10.2 h,1/2-,-0.12(3),,,[89Y],CLS,2007Ch07,PL B645 133 (07)
94Y,0,18.7 m,2-,-0.24(2),,,[89Y],CLS,2007Ch07,PL B645 133 (07)
95Y,0,10.3 m,1/2-,-0.16(3),,,[89Y],CLS,2007Ch07,PL B645 133 (07)
96Y,1140,9.6 s,8+,+6.57(3),,,[89Y],CLS,2007Ch07,PL B645 133 (07)
97Y,0,3.75 s,1/2-,-0.12(1),,,[89Y],CLS,2007Ch07,PL B645 133 (07)
98Y,410,2.0 s,4 or 5,+ 2.98(2) or + 3.11(2),,,[89Y],CLS,2007Ch07,PL B645 133 (07)
99Y,0,1.47 s,5/2+,+3.18(2),,,[89Y],CLS,2007Ch07,PL B645 133 (07)
100Y,(143),0.94 s,4,+2.75(1),,,[89Y],CLS/R,2007Ch07/2010BA31,PL B645 133 (07)/J Phys G37 105103 (10)
101Y,0,0.45 s,5/2+,+3.22(2),,,[89Y],CLS,2007Ch07,PL B645 133 (07)
102Y,0 + x,0.3 s,2 or 3,+2.34(5) or + 2.68(1),,,[89Y],CLS,2007Ch07,PL B645 133 (07)
84Zr,540,14.1 ps,2+,+0.5(7),,,,CRDTF,1999Te02,PR C59 1943 (99)
85Zr,2625,-,(17/2-),+11(4),,,,TF,2007YU03,HI 180 49 (2007)
86Zr,-,-,5-/7-/9-,g(avge) = +0.5(2),,,,TF,1995Mo02,PR C51 513 (95)
87Zr,0,1.68 h,9/2+,-0.895(5),,,[91Zr],CLS,2003TH03,JP G29 2247 (03)
88Zr,1057,2.5 ps,2+,+0.6(2),,,,TF,2012Ku14,PR C85 044322 (12)
89Zr,0,78.4 h,9/2+,-1.046(6),,,[91Zr],CLS,2002Fo12,JP G28 L63 (02)
90Zr,2186,0.087 ps,2+,+2.5(4),,,,TF,2000Ja11,PL B494 187 (00)
91Zr,0,stable,5/2+,-1.30362(2),,,[2H],N,1957Br26,PR 105 1929 (57)
92Zr,934,4.85 ps,2+,-0.36(4),,,,TF,2008WE07,PRC C78 031301(R) (08)
94Zr,918,7.3 ps,2+,0.68(4),,,,TF,2008WE07,PRC C78 031301(R) (08)
95Zr,0,64.0 d,5/2+,1.13(2),,,,NMR/ON,1991Be18,PR C44 104 (91)
96Zr,1750,0.57 ps,2+,+0.06(14),,,,TF,2003Ku11,PL B562 193 (03)
97Zr,0,16.8 h,1/2+,-0.937(5),,,[91Zr],CLS,2003TH03,JP G29 2247 (03)
99Zr,0,2.2 s,1/2+,-0.930(4),,,[91Zr],CLS,,
100Zr,213,0.61 ns,2+,+0.60(6),,,,IPAC,2004SM04,PL B591 55 (04)
101Zr,0,2.4s,3/2+,-0.272(8),,,[91Zr],CLS,2003TH03,JP G29 2247 (03)
102Zr,152,1.9 ns,2+,+0.44(10),,,,IPAC,2004SM04,PL B591 55 (04)
87Nb,2412,58 ps,17/2-,+7.0(9),,,,IMPAD,1995We03,NP A584 133 (95)
89Nb,0,2.0 h,9/2+,6.216(5),,,,NMR/ON,1997Hi06,NP A620 317 (97)
90Nb,0,14.6 h,8+,+4.952(4),,,[93Nb],CLS,2009CH25,PRL 102 222501 (09)
91Nb,0,680 y,9/2+,+6.521(2),,,[93Nb],CLS,2009CH25,PRL 102 222501 (09)
92Nb,0,73.5 x 10  y,7+,+5.136(4),,,[93Nb],CLS,2009CH25,PRL 102 222501 (09)
93Nb,0,stable,9/2+,+6.1705(3),,,[45Sc],"N,O","1951Sh33, 1947Me27","PR 82 651 (51), PR 72 451 (47)"
95Nb,0,35.2 d,9/2+,6.141(5),,,[93Nb],NMR/ON,1986Ed01,NP A451 46 (86)
96Nb,0,23.4 h,6+,4.976(4),,,[93Nb],NMR/ON,1986Ed01,NP A451 46 (86)
97Nb,0,72.1 m,9/2+,6.153(5),,,,NMR/ON,1991Be18,PR C44 104 (91)
99Nb,0,15 s,9/2+,+5.97(3),,,[93Nb],CLS,2009CH25,PRL 102 222501 (09)
101Nb,0,7.1 s,5/2+,+3.190(2),,,[93Nb],CLS,2009CH25,PRL 102 222501 (09)
103Nb,0,1.5 s,5/2+,+3.137(4),,,[93Nb],CLS,2009CH25,PRL 102 222501 (09)
88Mo,_,_,"6+,8+",g(avge) = +0.5(3),,,,IMPAD,1995We03,NP A584 133 (95)
89Mo,2584,9.5 ns,21/2+,+8.3(4),,,[90Mo 2875],TDPAD,1995We12,ZP A353 7 (95)
90Mo,2594,16 ps,5-,+5.5(14),,,,IMPAD,1994We09,JP G20 L77 (94)
91Mo,0,15.5 m,9/2+,-0.932(3),,,"[95,97Mo]",TLS,2009CH09,PL B674 23 (09)
92Mo,1509,0.38 ps,2+,+2.3(3),,,,TF,2001Ma17,PR C63 034312 (01)
93Mo,2425,6.85 h,21/2+,(+)9.93(8),,,[95Mo],NMR/ON,1981Ha12,PR C23 2252 (81)
94Mo,871,2.9 ps,2+,+0.62(9),,,,TF,2001Ma17,PR C63 034312 (01)
95Mo,0,stable,5/2+,-0.9142(1),,,[97Mo],N,1951Pr02,PR 81 20 (51)
96Mo,778,3.7 ps,2+,+0.79(6),,,,TF,2001Ma17,PR C63 034312 (01)
97Mo,0,stable,5/2+,-0.9335(1),,,[14N],N,1951Pr02,PR 81 20 (51)
98Mo,787,3.5 ps,2+,+0.97(6),,,[106Pd 512],TF,2011Ch23,PR C83 054318 (2011)
99Mo,0,65.9 h,1/2+,0.375(3),,,[95Mo],AB,1978Ru04,PS 18 209 (78)
100Mo,536,10.3 ps,2+,+0.94(7),,,,TF,2001Ma17,PR C63 034312 (01)
102Mo,297,0.11 ns,2+,0.84(14),,,,IPAC,1985Me13,ZP A321 593 (85)
103Mo,0,67.5 s,3/2+,-0.27(2),,,"[95,97Mo]",TLS,2009CH09,PL B674 23 (09)
104Mo,192,0.9 ns,2+,+0.50(4),,,,IPAC,2002Pa14,JP G28 649 (02)
105Mo,0,35.6 s,(5/2-),-0.55(2),,,"[95,97Mo]",TLS,2009CH09,PL B674 23 (09)
106Mo,172,1.25 ns,2+,+0.42(4),,,,IPAC,2004SM04,PL B591 55 (04)
107Mo,66,245 ns,_,g = -0.92(3),,,,TDPAC,1976ChZD,Cf76Carg 471 (76)
108Mo,193,0.50 ns,2+,+1.0(6),,,,IPAC,2004SM04,PL B591 55 (04)
92Tc,2002,3.2 ns,11-,+8.9(3),,,,TDPAD,1996Tu03,PR C54 2904 (96)
93Tc,0,2.75 h,9/2+,6.32(6),,,,NMR/ON,1995Hi06,ZP A350 311 (95)
94Tc,0,293 m,7+,5.12(5),,,,NMR/ON,1995Hi06,ZP A350 311 (95)
95Tc,0,20.0 h,9/2+,5.94(6),,,,NMR/ON,1995Hi06,ZP A350 311 (95)
96Tc,0,4.28 d,7+,5.09(5),,,,NMR/ON,1995Hi06,ZP A350 311 (95)
99Tc,0,2.1x10*5y,9/2+,+5.6847(4),,,[2H],N,1952Wa02,PR 85 479 (52)
108Tc,>153,100 ns,_,g = +0.50(4),,,,TDPAC,1976ChZD,Cf76Carg 471 (76)
93Ru,2082,2.4 μs,21/2+,+8.97(2),,,,TDPAD,1983Gr33,HFI 15 65 (83)
94Ru,2498,65 ns,6+,+8.12(5),,,,TDPAD,1977Ha49,NP A293 248 (77)
95Ru,0,1.64 h,5/2+,0.861(7),,,,NMR/ON,1991Hi17,NP A534 339 (91)
96Ru,833,2.7 ps,2+,+0.89(6),,,,TF,2011Ch23,PR C83 054318 (11)
97Ru,0,2.88 d,5/2+,(-)0.787(8),,,[101Ru],NMR/ON,1985Ed06/1980Le09,PR C32 1707 (85)/PR C21 2581 (80)
98Ru,653,5.9 ps,2+,+0.82(6),,,,TF,2011Ch23,PR C83 054318 (11)
99Ru,0,stable,5/2+,-0.641(5),,,,AB/D,1977Bu04,ZP A280 217 (77)
100Ru,540,12 ps,2+,+0.86(5),,,,TF,2011Ch23,PR C83 054318 (11)
101Ru,0,stable,5/2+,-0.719(6),,,,AB/D,1977Bu04,ZP A280 217 (77)
102Ru,475,18 ps,2+,+0.91(5),,,,TF,2011Ch23,PR C83 054318 (11)
103Ru,0,39.4 d,3/2+,0.206(3),,,,NMR/ON,1990Hi02,NP A509 541 (90)
104Ru,358,58 ps,2+,+0.81(4),,,,TF,2011Ch23,PR C83 054318 (11)
105Ru,0,4.44h,3/2+,(-)0.32(+8/-20),,,[101Ru],NO/S,1981Lu04,ZP A299 353 (81)
106Ru,270,est 0.20 ns,2+,+0.6(2),,,,IPAC,2004SM04,PL B591 55 (04)
108Ru,242,0.34 ns,2+,+0.46(8),,,,IPAC,2004SM04,PL B591 55 (04)
109Ru,>95,780 ns,_,g = -0.22(1),,,,TDPAD,1976ChZD,Cf76Carg 471 (76)
110Ru,241,0.30 ns,2+,+0.88(14),,,,IPAC,2004SM04,PL B591 55 (04)
112Ru,237,0.32 ns,2+,+0.9(2),,,,IPAC,2004SM04,PL B591 55 (04)
95Rh,2236,19 ns,17/2-,+10.9(3),,,,TDPAD,1983Gr33,HFI 15 65 (83)
99Rh,65,4.7 h,9/2+,5.62(6),,,,"NMR/ON, R",1995Se20,PR B51 11484 (95)
100Rh,75,215 ns,2+,+4.324(8),,,,TDPAC,1966Ma54,NIM 45 309 (66)
101Rh,157,4.34 d,9/2+,5.43(6),,,,"NMR/ON, R",1995Se20,PR B51 11484 (95)
102Rh,0,206 d,2-,0.5(4),,,,NO/S,1975Sc09,NP A243 309 (75)
103Rh,0,stable,1/2-,-0.8840(2),,,[2H],N,1955So10,PR 98 1316 (55)
104Rh,215.5 + x,47 ns,6-,+2.00(6),,,,TDPAD,1990Bi03,ZP A335 365 (90)
105Rh,0,35.4 h,7/2+,4.41(5),,,,"NMR/ON,R",1995Se20,PR B51 11484 (95)
106Rh,0,29.8 s,1+,2.575(7),,,,NMR/ON,1990Oh01,PR C41 243 (90)
96Pd,2532,2.22 μs,8+,+10.97(6),,,,TDPAD,1983Gr01,PL 120B 63 (83)
101Pd,0,8.5 h,5/2+,(-)0.66(2),,,[105Pd],NMR/ON,1986Ni02,NP A451 233 (86)
102Pd,556,11.3 ps,2+,+0.82(6),,,[106Pd 512],TF,2011Ch23,PR C83 054318 (2011)
103Pd,785,25 ns,11/2-,-1.05(6),,,,TDPAD,1981KaZE,ZfK-455 27 (81)
104Pd,556,9.7 ps,2+,+0.89(6),,,[106Pd 512],TF,2011Ch23,PR C83 054318 (2011)
105Pd,0,stable,5/2+,-0.642(3),,,,N,1964Se13,PR 136 A1119 (64)
106Pd,512,12 ps,2+,+0.79(5(,,,,R,2011Ch23,PR C83 054318 (2011)
108Pd,434,23 ps,2+,+0.69(4),,,[106Pd 512],TF,2011Ch23,PR C83 054318 (2011)
110Pd,374,46 ps,2+,+0.67(4),,,[106Pd 512],TF,2011Ch23,PR C83 054318 (2011)
114Pd,333,117 ps,2+,+0.5(2),,,,IPAC,2004SM04,PL B591 55 (04)
116Pd,341,0.11 ns,2+,+0.4(2),,,,IPAC,2004SM04,PL B591 55 (04)
97Ag,0,25.5 s,(9/2+),+6.13(2),,,[109Ag],GCLS,2014Fe01,PL B728 191 (2014)
98Ag,0,47.5 s,if 6,+4.64(7),,,[109Ag],GCLS,2014Fe01,PL B728 191 (2014)
99Ag,0,124 s,(9/2+),+5.81(3),,,[109Ag],GCLS,2014Fe01,PL B728 191 (2014)
100Ag,0,2.01 m,5-,+4.37(3),,,[109Ag],GCLS,2014Fe01,PL B728 191 (2014)
101Ag,0,11.4 m,9/2+,+5.57(4),,,[109Ag],GCLS,2014Fe01,PL B728 191 (2014)
102Ag,0,13 m,5+,4.6(7),,,[110Ag 118],NO/S,1985Va06/1983Va09,HFI 22 483 (85)/NP A396 115c (83)
103Ag,0,1.10 h,7/2+,+4.432(2),,,[106mAg],CLS,1989DI12,NP A503 331 (89)
104Ag,0,69 m,5+,3.919(3),,,[106mAg],CLS,1989DI12,NP A503 331 (89)
105Ag,0,41.3 d,1/2-,0.1014(10),,,[107Ag],AB,1963Ew02,PR 129 1617 (63)
106Ag,0,24 m,1+,+2.8(2),,,[107Ag],AB,1974Gr10,PR C9 2028 (1974)
107Ag,0,stable,1/2-,-0.11357(2),,,,AB/D,1973Bu24,ZNat 28a 1753 (73)
108Ag,0,2.4 m,1+,2.6884(7),,,[8Li],β-NMR,1976Wi03,NP A261 261 (76)
109Ag,0,stable,1/2-,0.13056(2),,,[107Ag],N,1954So05,PR 93 174 (54)
110Ag,0,24.4 s,1+,2.7271(8),,,[108Ag],"NMR/ON, AB",1976Wi03,NP A261 261 (76)/JP A2 658 (69)
111Ag,0,7.45 d,1/2-,-0.146(2),,,[109Ag],AB,1956Wo**,PPS 69A 581 (56)
112Ag,0,3.14 h,2(-),0.0547(5),,,[109Ag],AB,1964Ch06,PR 133 B1138 (64)
113Ag,0,5.37 h,1/2-,0.159(2),,,[109Ag],AB,1964Ch06,PR 133 B1138 (64)
100Cd,2548,73 ns,8+,9.9(5),,,,TDPAD,1992Al17,ZP A344 1 (92)
102Cd,2718,56 ns,8+,10.3(2),,,,TDPAD,1992Al17,ZP A344 1 (92)
103Cd,0,7.3 m,5/2+,-0.81(3),,,[109Cd],CLS,1987Bu01,NP A462 305 (87)
105Cd,0,56 m,5/2+,-0.7393(2),,,[109Cd],OD,1969La06,PR 177 1615 (69)
106Cd,633,7.3 ps,2+,+0.79(6),,,,TF,2011Ch23,PR C83 054318 (2011)
107Cd,0,6.50 h,5/2+,-0.6150554(11),,,[111Cd],"OP/RD,N,OD",1972Sp09/1963By02,PL 42A 273 (72)/PR 132 1181 (63)
108Cd,633,6.8 ps,2+,+0.78(6),,,,TF,2011Ch23,PR C83 054318 (2011)
109Cd,0,453 d,5/2+,-0.8278461(15),,,[111Cd],"OP/RD,N,OD",1972Sp09/1963By02,PL 42A 273 (72)/PR 132 1181 (63)
110Cd,658,5.0 ps,2+,+0.81(6),,,,TF,2011Ch23,PR C83 054318 (2011)
111Cd,0,stable,1/2+,-0.5948861(8),,,[1H],"OP/RD, N",1972Sp09/1950Pr51,PL 42A 273 (72)/PR 79 35 (50)
112Cd,617,6.2 ps,2+,+0.72(5),,,,TF,2011Ch23,PR C83 054318 (2011)
113Cd,0,9x10*15 y,1/2+,-0.6223009(9),,,[111Cd],"OP/RD, N",1972Sp09/1950Pr51,PL 42A 273 (72)/PR 79 35 (50)
114Cd,558,9.0 ps,2+,+0.65(4),,,,TF,2011Ch23,PR C83 054318 (2011)
115Cd,0,53.4 h,1/2+,-0.6484259(12),,,[111Cd],"OP/RD, N",1969Ch07,PL 29A 103 (69)
116Cd,514,15 ps,2+,+0.59(5),,,,TF,n,PR C83 054318 (2011)
117Cd,0,2.49 h,1/2+,-0.7436(2),,,[111Cd],CLS,2013Yo02,PRL 110 192501 (2013)
107In,0,32.4 min,9/2+,+5.585(8),,,[115In],CFBLS,1987Eb02,NP A464 9 (87)
108In,0,58 m,7+,+4.561(3),,,[115In],CFBLS,1987Eb02,NP A464 9 (87)
109In,0,4.2 h,9/2+,+5.538(4),,,[115In],CFBLS,1987Eb02,NP A464 9 (87)
110In,0*,69.1 m,2+,+4.365(4),,,[113In],AB,1968CaZX,Th Casserb (68)
111In,0,2.83 d,9/2+,+5.503(7),,,[115In],CFBLS,1987Eb02,NP A464 9 (87)
112In,0*,14.4 m,1+,+2.82(3),,,[113In],AB,1968CaZX,Th68 Casserb (68)
118In,~60,4.45 m,5+,+4.231(9),,,[115In],CFBLS,1987Eb02,NP A464 9 (87)
119In,0,2.4 m,9/2+,+5.515(10),,,[115In],CFBLS,1987Eb02,NP A464 9 (87)
120In,(0),44.4 s,5+,+4.295(5),,,[115In],CFBLS,1987Eb02,NP A464 9 (87)
121In,0,23.1 s,9/2+,+5.502(5),,,[115In],CFBLS,1987Eb02,NP A464 9 (87)
122In,0+x,9.2 s,5+,+4.318(5),,,[115In],CFBLS,1987Eb02,NP A464 9 (87)
123In,0,6.68 s,9/2+,+5.491(7),,,[115In],CFBLS,1987Eb02,NP A464 9 (87)
124In,0,3.09 s,3+,+4.043(11),,,[115In],CFBLS,1987Eb02,NP A464 9 (87)
125In,0,2.50 s,9/2+,+5.502(9),,,[115In],CFBLS,1987Eb02,NP A464 9 (87)
126In,(0),1.60 s,3+,+4.034(11),,,[115In],CFBLS,1987Eb02,NP A464 9 (87)
127In,0,1.22 s,9/2+,+5.522(8),,,[115In],CFBLS,1987Eb02,NP A464 9 (87)
127Sn,0,2.1 h,11/2-,-1.329(7),,,,ABLFS,2005Le34,PR C72 034305 (05)
128Sn,1169,1.6 ps,2+,(-)0.46(12),,,,RIV,2013Al10,PR C87 054325 (2013)
129Sn,0,2.23 m,3/2+,+0.754(3),,,,ABLFS,2005Le34,PR C72 034305 (05)
130Sn,1947,1.7 m,7-,-0.381(3),,,,ABLFS,2005Le34,PR C72 034305 (05)
131Sn,0,56 s,3/2+,+0.747(4),,,,ABLFS,2005Le34,PR C72 034305 (05)
112Sb,796,536 ns,8-,+2.192(8),,,,TDPAD,1976Ke07,HFI 2 336 (76)
114Sb,0,3.49 m,3+,1.72(8),,,,NO/S,1993Bo46,HFI 78 133 (93)
115Sb,0,31.8 m,5/2+,+3.46(1),,,[121Sb],AB,1968Ja05,PR 175 65 (68)
116Sb,0,16 m,3+,2.715(9),,,"[121,123Sb]",NMR/ON,1986Gr16,PL 177B 159 (86)
117Sb,0,2.80 h,5/2+,+3.43(6),,,[121Sb],AB,1974Ek01,NP A226 219 (74)
118Sb,0,3.6 m,1+,2.47(7),,,[121Sb],AB,1968Ja05,PR 175 65 (68)
119Sb,0,38.0 h,5/2+,+3.45(1),,,[121Sb],AB,1968Ja05,PR 175 65 (68)
120Sb,*0*,15.9 m,1+,2.3(2),,,[121Sb],AB,1968Ja05,PR 175 65 (68)
121Sb,0,stable,5/2+,+3.3634(3),,,[23Na],N,1951Pr02,PR 81 20 (51)
122Sb,0,2.68 d,2-,-1.90(2),,,"[121,123Sb]",NO/D,1958Pi45,PR 112 935 (58)
123Sb,0,stable,7/2+,+2.5498(2),,,[2H],N,1951Pr02,PR 81 20 (51)
124Sb,0,60.2 d,3-,1.20(2),,,[122Sb],NMR/ON,1974Ca06,NP A221 1 (74)
125Sb,0,2.7 y,7/2+,+2.63(4),,,[122Sb],NMR/ON,1974Ca06,NP A221 1 (74)
126Sb,0,12.4 d,(8)-,1.28(7),,,,NO/S,1972Kr15,PR C6 2268 (72)
127Sb,0,3.84 d,7/2+,2.697(6),,,[123Sb],NMR/ON,1996Li01,PR C53 124 (96)
128Sb,0,9.1 h,8-,1.3(2),,,,NO/S,1972Kr15,PR C6 2268 (72)
129Sb,0,4.4 h,7/2+,2.79(2),,,[123Sb],NMR/ON,1997St06/1996Li01,PR C53 124 (96)
131Sb,0,23 m,7/2+,2.89(1),,,[123Sb],NMR/ON,1997St06,PRL 78 820 (97)
115Te,280,7.5 μs,11/2-,-0.954(5),,,,TDPAD,1977MiZL,DisA 37 4025B (77)
117Te,274,19.1 ns,5/2+,-0.787(12),,,,TDPAD,1981Io07,HFI 9 71 (81)
119Te,0,16.1 h,1/2+,0.25(5),,,,AB,1965Ad03,ArkF 30 111 (65)
120Te,560,9.3 ps,2+,+0.78(14),,,,TF,1985ThZX,BAPS 30 1264 (85)
121Te,294,154 d,11/2-,0.895(10),,,[125Te 36],NMR/ON,1987Ni11,PR C36 2069 (87)
122Te,564,7.52 ps,2+,+0.72(9),,,,TF,2007ST24,PR C76 034306 (07)
123Te,0,>1x10*15 y,1/2+,-0.7369478(8),,,[125Te],N,1977Bu29/1953We51,ZNat 32a 1263 (77)/PR 89 923 (53)
124Te,603,6.25 ps,2+,+0.74(6),,,,TF,2007ST24,PR C76 034306 (07)
125Te,0,stable,1/2+,-0.8885051(4),,,[2H],N,1977Bu29,ZNat 32a 1263 (77)
126Te,666,4.41 ps,2+,+0.67(3),,,,TF,2007ST24,PR C76 034306 (07)
127Te,0,9.4 h,3/2+,0.635(4),,,[125Te 36],NMR/ON,1979Ge04,PR C20 1171 (79)
128Te,743,3.2 ps,2+,+0.63(3),,,,TF,2007ST24,PR C76 034306 (07)
129Te,0,69.5 m,3/2+,0.702(4),,,[125Te 36],NMR/ON,1979Ge04,PR C20 1171 (79)
130Te,840,2.3 ps,2+,+0.70(4),,,,TF,2007ST24,PR C76 034306 (07)
131Te,0,25 m,3/2+,0.696(9),,,[125Te 36],NMR/ON,1979Ge04,PR C20 1171 (79)
132Te,974,1.8 ps,2+,+0.6(3),,,,TF,2008BE14,PL B664 241 (08)
133Te,0,12.5 m,3/2+,+0.85(2),,,,CLS,2006SI40,HFI 171 173 (06)
134Te,1576,1.96(6) ns,4+,3(2),,,,IPAC,2008GO28,PR C78 044331 (08)
135Te,0,19 s,7/2-,-0.69(5),,,,CLS,2006SI40,HFI 171 173 (06)
117I,0,2.22 m,(5/2)+,3.1(2),,,"[131,132I]",NO/S,1986Gr06,PL 173B 115 (86)
118I,0,13.7 m,2-,2.0(2),,,"[131,132I]",NO/S,1986Gr06,PL 173B 115 (86)
120I,0,1.4 h,2-,1.23(3),,,"[131,132I]",NO/S,1986Gr06,PL 173B 115 (86)
121I,0,2.1 h,5/2-,2.3(1),,,"[131,132I]",NO/S,1986Gr06,PL 173B 115 (86)
122I,0,3.63 m,1+,0.94(3),,,"[131,132I]",NO/S,1986Gr06,PL 173B 115 (86)
123I,0,13.3 h,5/2+,2.818(7),,,[131I],NMR/ON,1979Sc13,NP A323 1 (79)
124I,0,4.18 d,2-,1.446(4),,,,NMR/ON,1992Oh01,PR C45 162 (92)
125I,0,60.2 d,5/2+,2.821(5),,,[131I],NMR/ON,1979Sc13,NP A323 1 (79)
126I,0,13.1 d,2-,1.438(4),,,,NMR/ON,1992Oh01,PR C45 162 (92)
127I,0,stable,5/2+,+2.81327(8),,,[1H],"N, O",1951Ya03/1939Sc16,PR 82 750 (51)/ZP 112 199 (39)
128I,138,845 ns,4-,-0.72(3),,,,R,1982Al10,IzF 46 52 (82)
129I,0,1.6x10*7 y,7/2+,+2.6210(3),,,[2H],N,1951Wa12,PR 82 97 (51)
130I,0,12.36 h,5+,3.349(7),,,,NMR/ON,1992Oh01,PR C45 162 (92)
131I,0,8.04 d,7/2+,+2.742(1),,,[127I],AB,1960Li13,PR 119 2022 (60)
132I,0,2.28 h,4+,3.088(7),,,[127I],AB,1960Wh06,BAPS 5 504 (60)
133I,0,20.9 h,7/2+,+2.856(5),,,[127I],AB,1961Al20,UCRL 9850 (61)
135I,0,6.57 h,7/2+,(+)2.940(2),,,,NMR/ON,1998Wh04,NP A644 277 (98)
117Xe,0,1.02 m,5/2+,-0.5938(15) d,,,[129Xe],CFBLS,1990NeZY,PC Neugart (90)
119Xe,0,5.8 m,5/2+,-0.6542(15) d,,,[129Xe],CFBLS,1990NeZY,PC Neugart (90)
121Xe,0,39 m,5/2+,-0.701(3) d,,,[129Xe],CFBLS,1990NeZY,PC Neugart (90)
123Xe,0,2.00 h,1/2+,-0.150(3) d,,,[129Xe],CFBLS,1990NeZY,PC Neugart (90)
124Xe,354,56 ps,2+,+0.46(4),,,[132Xe 668],IMPAC,1975Go18,PR C12 628 (75)
125Xe,0,17.1 h,1/2+,-0.269(3) d,,,[129Xe],CFBLS,1990NeZY,PC Neugart (90)
126Xe,389,41.2 ps,2+,+0.74(14),,,,IPAC,1977Ar19,HFI 5 81 (77)
127Xe,0,36.4 d,1/2+,-0.5033(11) d,,,[129Xe],CFBLS,1990NeZY,PC Neugart (90)
128Xe,443,21.4 ps,2+,+0.82(14),,,[126Xe 389],IMPAC,1977Ar19,HFI 5 81 (77)
129Xe,0,stable,1/2+,-0.777976(8),,,[2H],N,1968Br12,HPAc 41 367 (68)
130Xe,538,10.0 ps,2+,+0.67(2),,,,TF,2002Ja02,PR C65 024316 2002
131Xe,0,stable,3/2+,+0.6915(2) d,,,[129Xe],CFBLS,1990NeZY,PC Neugart (90)
132Xe,668,4.9 ps,2+,+0.63(2),,,,TF,2002Ja02,PR C65 024316 2002
133Xe,0,5.24 d,3/2+,+0.8129(5) d,,,[129Xe],CFBLS,1990NeZY,PC Neugart (90)
134Xe,847,1.9 ps,2+,+0.708(14),,,,TF,2002Ja02,PR C65 024316 2002
135Xe,0,9.10 h,3/2+,+0.9032(7) d,,,[129Xe],CFBLS,1990NeZY,PC Neugart (90)
136Xe,1313,0.21 ps,2+,+1.53(9),,,,TF,2002Ja02,PR C65 024316 2002
137Xe,0,3.82 m,7/2-,-0.968(8),,,"[129,131Xe]",CFBLS,1989Bo03,PL B216 7 (89)
139Xe,0,39.7 s,3/2-,-0.304(10),,,"[129,131Xe]",CFBLS,1989Bo03,PL B216 7 (89)
140Xe,377,0.163 ns,2+,0.7(2),,,,IPAC,2009GO09,PR C79 034316 (09)
141Xe,0,1.73 s,5/2+,+0.010(4),,,"[129,131Xe]",CFBLS,1989Bo03,PL B216 7 (89)
142Xe,287,0.20 ns,2+,0.8(3),,,,IPAC R,2009GO09,PR C79 034316 (09)
143Xe,0,0.30 s,5/2-,-0.4599(14),,,"[129,131Xe]",CFBLS,1989Bo03,PL B216 7 (89)
118Cs,(0),14 s,2,+3.876(5),,,[133Cs],ABLS,1987Co19,NP A468 1 (87)
119Cs,(0),36 s,9/2+,+5.46(3),,,[133Cs],ABLS,1981Th06,NP A468 1 (87)
120Cs,0,64 s,2+,+3.87(2),,,[133Cs],ABLS,1981Th06,NP A468 1 (87)
121Cs,0,2.27 m,3/2+,+0.770(4),,,[133Cs],ABLS,1981Th06,NP A468 1 (87)
122Cs,(0),21 s,1+,-0.1333(9),,,[133Cs],ABLS,1981Th06,NP A468 1 (87)
123Cs,0,5.8 m,1/2+,+1.377(7),,,[133Cs],ABLS,1981Th06,NP A468 1 (87)
124Cs,0,30.8 s,1+,+0.673(3),,,[133Cs],ABLS,1981Th06,NP A468 1 (87)
125Cs,0,45 m,1/2+,+1.409(7),,,[133Cs],ABLS,1981Th06,NP A468 1 (87)
126Cs,0,1.64 m,1+,+0.777(4),,,[133Cs],ABLS,1981Th06,NP A468 1 (87)
127Cs,0,6.2 h,1/2+,+1.459(7),,,[133Cs],ABLS,1981Th06,NP A468 1 (87)
128Cs,0,3.62 m,1+,+0.974(5),,,[133Cs],ABLS,1981Th06,NP A468 1 (87)
129Cs,0,32.3 h,1/2+,+1.491(8),,,[133Cs],ABLS,1981Th06,NP A468 1 (87)
130Cs,0,29.9 m,1+,+1.460(7),,,[133Cs],ABLS,1981Th06,NP A468 1 (87)
131Cs,0,9.69 d,5/2+,+3.53(2),,,[133Cs],ABLS,1981Th06,NP A367 1 (81)
132Cs,0,6.47 d,2(-),+2.222(7),,,,OL,1975Ac01,NP A248 157 (75)
133Cs,0,stable,7/2+,+2.582025(3),,,[87Rb],OP/RD,1973Wh01,PR A7 1178 (73)
134Cs,0,2.06 y,4+,+2.9937(9),,,[133Cs],AB/D,1957St11,PR 105 590 (57)
135Cs,0,3x10*6 y,7/2+,+2.7324(2),,,[133Cs],AB/D,1957St11,PR 105 590 (57)
136Cs,0,13.2 d,5+,+3.711(15),,,,OL,1975Ac01,NP A248 157 (75)
137Cs,0,30.17 y,7/2+,+2.8513(7),,,[133Cs],AB/D,1957St11,PR 105 590 (57)
138Cs,0,32.2 m,3-,+0.700(4),,,[133Cs],ABLS,1981Th06,NP A367 1 (81)
139Cs,0,9.4 m,7/2+,+2.696(4),,,[133Cs],CFBLS,1979Bo01,ZP A289 227 (79)
140Cs,0,65 s,1-,+0.1338953(5),,,[133Cs],ABLS,1986Du16,JPPa 47 1903 (86)
141Cs,0,25.1 s,7/2+,+2.438(10),,,[133Cs],CFBLS,1979Bo01,ZP A289 227 (79)
143Cs,0,1.78 s,3/2+,+0.870(4),,,[133Cs],ABLS,1981Th06,NP A367 1 (81)
144Cs,0,1.00 s,1,-0.546(3),,,[133Cs],ABLS,1981Th06,NP A367 1 (81)
145Cs,0,0.59 s,3/2+,+0.784(4),,,[133Cs],ABLS,1981Th06,NP A367 1 (81)
146Cs,0,0.34 s,1,-0.515(2),,,[133Cs],ABLS,1987Co19,NP A468 1 (87)
121Ba,0,30 s,5/2(+),+0.660(1),,,"[135,137Ba]",CFBLS,1988We14,PL 211B 272 (88)
123Ba,0,2.7 m,5/2+,-0.680(1),,,"[135,137Ba]",CFBLS,1988We14,PL 211B 272 (88)
125Ba,0,3.5 m,1/2+,+0.177(12),,,"[135,137Ba]",CFBLS,1983Mu12,NP A403 234 (83)
127Ba,0,12.7 m,1/2(+),+0.0834(10),,,"[135,137Ba]",CFBLS,1992Da06,JP G18 L67 (92)
129Ba,0,2.23 h,1/2+,-0.398(16),,,"[135,137Ba]","ABLFS, R",1983Mu12/1979Be25,NP A403 234 (83)/ZP A291 219 (79)
130Ba,357,37 ps,2+,+0.70(6),,,,TF,1980Br01,PR C21 574 (80)
131Ba,0,11.8 d,1/2+,0.708113(15),,,[137Ba],TIS,1987Kn10,EPL 4 1361 (87)
132Ba,465,18 ps,2+,+0.68(6),,,,TF,1980Br01,PR C21 574 (80)
133Ba,0,10.7 y,1/2+,0.77167(2),,,[137Ba],TIS,1987Kn10,EPL 4 1361 (87)/JPCo 42 339 (81)
134Ba,605,5.1 ps,2+,+0.86(10),,,,TF,1980Br01,PR C21 574 (80)
135Ba,0,stable,3/2+,+0.83794(2),,,,OP/RD,1972Ol01,ZP 249 205 (72)
136Ba,819,1.93 ps,2+,+0.69(10),,,,TF,1980Br01,PR C21 574 (80)
137Ba,0,stable,3/2+,+0.93737(2),,,,OP/RD,1972Ol01,ZP 249 205 (72)
138Ba,1436,0.206 ps,2+,+1.4(2),,,,TF,1987Ba65,ZP A328 275 (87)
139Ba,0,84.6 m,7/2-,-0.973(5),,,"[135,137Ba]",CFBLS,1988We07,ZP A329 407 (88)
140Ba,602,7.2 ps,2+,,-0.5(3),R,,CER,2012Ba40,PR C86 034310 (12)
141Ba,0,18.7 m,3/2-,-0.337(5),,,"[135,137Ba]",CFBLS,1988We07,ZP A329 407 (88)
142Ba,359,66 ps,2+,0.85(10),,,,"IPAC, R",1988Wo03/1986Gi14,PR C37 1253 (88)/PR C34 1983 (86)
143Ba,0,14.5 s,5/2(+),+0.443(11),,,"[135,137Ba]",CFBLS,1988We07,ZP A329 407 (88)
144Ba,199,0.70 ns,2+,0.68(10),,,,IPAC,1983Wo05,PL 123B 165 (83)
145Ba,0,4.31 s,5/2(-),-0.285(7),,,"[135,137Ba]",CFBLS,1988We07,ZP A329 407 (88)
146Ba,181,0.85 ns,2+,0.54(18),,,,IPAC,2009GO09,PR C79 034316 (09)
133La,536,60 ns,11/2-,7.5(5),,,,TDPAC,1979BuZW,CF79Riga 81 (79)
135La,0,19.5 h,5/2+,+3.70(9),,,[139La],CFBLS,2003II03,PR C68 054328 (03)
137La,0,6 x 10*4 y,7/2+,+2.700(15),,,[139La],CFBLS,2003II03,PR C68 054328 (03)
138La,0,1.1x10*11 y,5+,+3.713646(7),,,[139La],N,1977Kr12/1955So31,PL 62A 131 (77)/PR 99 613 (55)
139La,0,stable,7/2+,+2.7830455(9),,,[2H],"N, O",1977Kr12,PL 62A 131 (77)/ZP 116 547 (40)
140La,0,40.3 h,3-,+0.730(15),,,[139La],AB,1969HuZY,Cf69Mont 91 (69)
126Ce,2887,8 ps,10+,~+10,,,,IPAD,1987IsZS,Cf87Melb. 93 (87)
129Ce,108,60 ns,9/2-,-0.83(5),,,,TDPAD,1998Io01,NP A633 459 (98)
130Ce,2454,109 ns,7-,,1.8(2),R,,TDPAD,1999Io02,PR C60 024316 (99)
131Ce,162,88 ns,9/2-,-0.85(3),,,,TDPAD,1998Io01,NP A633 459 (98)
134Ce,3209,308 ns,10+,-1.87(2),,,,"TDPAD, R",1984Be68,PL 101A 507 (84)
135Ce,2126,8.2 ns,19/2+,-0.66(10),,,,IPAD,1982Ze01,ZP A304 269 (82)
136Ce,3095,2.2 μs,10+,-1.80(2),,,,TDPAD,1980Ba68,PRL 45 1015 (80)
137Ce,0,9.0 h,3/2+,0.96(4),,,,NMR/ON,1991Mu06,JPJa 60 845 (91)
138Ce,3538,82 ns,10+,-1.70(3),,,,TDPAD,1980Ba68,PRL 45 1015 (80)
139Ce,0,137.6 d,3/2+,1.06(4),,,,NMR/ON,1991Mu06,JPJa 60 845 (91)
140Ce,1596,90 fs,2+,+1.9(2),,,,TF,1991Ba38,NP A533 541 (91)
141Ce,0,32.5 d,7/2-,1.09(4),,,,NMR/ON,1983Va36,HFI 15 325 (83)
142Ce,641,5.7 ps,2+,+0.42(10),,,,TF,1991Ba38,NP A533 541 (91)
143Ce,0,33 h,3/2-,0.43(1),,,,NMR/ON,2002Ta01,PR C65 017301 (01)
146Ce,259,0.25 ns,2+,0.9(2),,,,IPAC,2009GO09,PR C79 034316 (09)
148Ce,158,1.01 ns,2+,0.78(16),,,,IPAC,2009GO09,PR C79 034316 (09)
150Ce,306,(0.18) ns,4+,+3.2(16),,,[148Ce 158],IMPAC,1999Sm05,PL B453 206 (99)
136Pr,595,90 ns,6+,+3.42(11),,,,TDPAD,1993Ba42,NP A603 50 (96)
139Pr,822,45 ns,11/2-,+6.6(5),,,,TDPAD,1979Ke07,ZP A291 319 (79)
141Pr,0,stable,5/2+,+4.2754(5),,,[19F],OD,1982Ma31/1984Ma12,PRL 49 636 (82)/PR B29 2390 (84)
142Pr,0,19.2 h,2-,+0.234(1),,,,"AB, R",1973AnZO/1970HiZW,PCan 29n4 47 (73)/BAPS 15 628 (70)
143Pr,0,13.57 d,7/2+,+2.701(4),,,[141Pr],CFBLS,1994Ii01,PR C50 661 (94)
144Pr,80,0.12 ns,1-,-1.2(4),,,,IPAC,1975Ba32,PS 11 363 (75)
133Nd,SD band,(-),(37-45)/2+,g(avge) = 0.31(8),,,,TF,1995Me08,NP A589 106 (95)
134Nd,295,64 ps,2+,+1.2(4),,,[146Nd 454],IMPAD,1987Bi13,PR C36 974 (87)
135Nd,0,12.4 m,9/2-,-0.78(3),,,[143Nd],LRIMS,1992Le09,JP G18 1177 (92)
136Nd,3298,51.3 ps,10+,+11(4),,,[146Nd 454],IMPAD,1987Bi13,PR C36 974 (87)
137Nd,0,38 m,1/2+,-0.633(5),,,[143Nd],LRIMS,1992Le09,JP G18 1177 (92)
138Nd,3172,330 ns,10+,-1.74(4),,,,TDPAD,1982Ri09,PRL 48 516 (82)
139Nd,0,30 m,3/2+,+0.907(7),,,[143Nd],LRIMS,1992Le09,JP G18 1177 (92)
140Nd,3622,22 ns,10+,-1.92(12),,,,TDPAD,1980Me11,NP A346 281 (80)
141Nd,0,2.49 h,3/2+,+1.012(9),,,[143Nd],LRIMS,1992Le09,JP G18 1177 (92)
142Nd,1576,110 fs,2+,+1.69(15),,,,TF,1991Ba38,NP A533 541 (91)
143Nd,0,stable,7/2-,-1.065(5),,,,AB/D,1965Sm04,PPS 86 1249 (65)
144Nd,697,4.51 ps,2+,+0.418(14),,,,TF,2001Ho02,PL B493 7 (00)
145Nd,0,stable,7/2-,-0.656(4),,,,AB/D,1965Sm04,PPS 86 1249 (65)
146Nd,454,27.5 ps,2+,+0.578(16),,,,TF,2001Ho02,PL B493 7 (00)
147Nd,0,11.0 d,5/2-,0.578(3),,,[143Nd],EPR,1957Ke13,PR 108 54 (57)
148Nd,302,78 ps,2+,+0.73(3),,,,TF,2001Ho02,PL B493 7 (00)
149Nd,0,1.73 h,5/2-,0.351(10),,,[145Nd],AB,1970PiZR,BAPS 15 769 (70)
150Nd,130,2142 ps,2+,0.9(2),,,,TF,1999BeZR,Cf99S.Agata
138Pm,0,3.5 m,(3+),3.2(9),,,,NO/S,1992Si22,HFI 75 471 (92)
143Pm,0,265 d,5/2+,3.8(5),,,,NO/S,1963Gr10,PR 130 1100 (63)
144Pm,0,349 d,5-,1.69(14),,,,NO/S,1961Sh02,PR 121 558 (61)
145Pm,0,17.7 y,5/2+,+3.80(16),,,[147Pm],CFBLS,1992Al03,JP B25 571 (92)
147Pm,0,2.623 y,7/2+,+2.58(7),,,,O,1966Re04,PR 141 1123 (66)
148Pm,0,5.37 d,1-,+2.1(2),,,,AB,1965Al10,PR 138 B1356 (65)
149Pm,0,53.1 h,7/2+,3.3(5),,,,NO/S,1960Ch15/1963Gr10,PRS 259A 377 (60)/PR 130 1100 (63)
151Pm,0,28.4 h,5/2 +,1.8(2),,,,AB,1963Bu14,PR 132 723 (63)
138Sm,2903,0.55 ns,10+,~10,,,,IPAD,1989OgZY,Gensh. Ken. 33 145 (89)
139Sm,0,2.57 m,1/2+,-0.53(2),,,"[145,7,9Sm]",LRIMS,1992Le09,JP G18 1177 (92)
140Sm,3172,19.4 ns,10+,-1.8(2),,,,TDPAD,1988Ba22,PL 206B 404 (88)
141Sm,0,10.2 m,1/2+,-0.74(2),,,"[145,7,9Sm]",LRIMS,1992Le09,JP G18 1177 (92)
142Sm,2372,170 ns,7-,,+1.1(3),R,[154Sm 82],"TDPAD, TF",1985Be23/1986Da22,ZP A321 403 (85)/PL 181B 21 (86)
143Sm,0,8.83 m,3/2+,+1.01(2),,,"[145,7,9Sm]",LRIMS,1992Le09,JP G18 1177 (92)
144Sm,1660,85 fs,2+,+1.5(2),,,,TF,1991Ba38,NP A533 541 (91)
145Sm,0,340 d,7/2-,-1.11(6),,,"[145,7,9Sm]",LRIMS,1992Le09,JP G18 1177 (92)
147Sm,0,1.1x10*11y,7/2-,-0.812(2),,,"[147,147Sm]",LRFS,1990En01,JP G16 105 (90)
148Sm,550,7.3 ps,2+,+0.51(4),,,[150Sm 334],TF,1987Ba65,ZP A328 275 (87)
149Sm,0,> 2x10*15 y,7/2-,-0.6677(11),,,"[147,147Sm]",LRFS,1990En01,JP G16 105 (90)
150Sm,334,49 ps,2+,+0.77(5),,,[152Sm 122],TF,1987Be08,HFI 33 37 (87)
151Sm,0,90 y,5/2-,-0.3611(13),,,[147Sm],LRFS,1990En01,JP G16 105 (90)
152Sm,122,1.40 ns,2+,+0.80(6),,,,IPAC,1992De29,CJP 70 268 (92)
153Sm,0,46.8 h,3/2+,-0.021(3),,,"[147,147Sm]",LRFS,1990En01,JP G16 105 (90)
154Sm,82,3.01 ns,2+,+0.78(4),,,[149Sm],ME,1969Wh04,PR 186 1280 (69)
155Sm,0,22.4 m,3/2-,,1.13(13),R,[153Sm],AB,1976Fu06,JPCR 5 835 (76)/PC Wadding (68)
138Eu,0,12.1 s,(6-),5.3(7),,,[142Eu],NO/S,1992Si22,HFI 75 471 (92)
139Eu,0,17.9s,(11/2-),6.1(8),,,[142Eu],NO/S,1992Si22,HFI 75 471 (92)
140Eu,0 + x,1.54 s,1(+),+1.365(13),,,[151Eu],CFBLS,1985Ah02,ZP A321 35 (85)
141Eu,0,40 s,5/2+,+3.494(8),,,[151Eu],CFBLS,1985Ah02,ZP A321 35 (85)
142Eu,0,2.4 s,1+,+1.54(2),,,[151Eu],CFBLS,1985Ah02,ZP A321 35 (85)
143Eu,0,2.6 m,5/2+,+3.673(8),,,[151Eu],CFBLS,1985Ah02,ZP A321 35 (85)
144Eu,0,10 s,1+,+1.893(13),,,[151Eu],CFBLS,1985Ah02,ZP A321 35 (85)
145Eu,0,5.93 d,5/2+,+3.999(3),,,[151Eu],CFBLS,1993HuZU,Cf93Bern 209(93)
146Eu,0,4.59 d,4-,+1.421(8),,,[151Eu],CFBLS,1993HuZU,Cf93Bern 209(93)
147Eu,0,24.1 d,5/2+,+3.736(6),,,[151Eu],CFBLS,1993HuZU,Cf93Bern 209(93)
148Eu,0,54.5 d,5-,+2.340(10),,,[151 Eu],CFBLS,1985Ah02,ZP A321 35 (85)
149Eu,0,93.1 d,5/2+,+3.576(10),,,[151 Eu],CFBLS,1986Al33,YadF 44 1134 (86)
150Eu,0,35.8 y,5(-),+2.708(11),,,[151 Eu],CFBLS,1985Ah02,ZP A321 35 (85)
151Eu,0,stable,5/2+,+3.4717(6),,,,AB/D,1965Ev08,PRS 289A 114 (65)
152Eu,0,13.54 y,3-,-1.9401(8),,,[151Eu],CFBLS,1993HuZU,Cf93Bern 209(93)
153Eu,0,stable,5/2+,+1.5324(3),,,[151Eu],CFBLS,1993HuZU,Cf93Bern 209(93)
154Eu,0,8.6 y,3-,-2.005(6),,,[153Eu],EPR,1957Ab05,PR 108 58 (57)
155Eu,0,4.68 y,5/2+,+1.520(2),,,[153Eu],ABLFS,2000Ga35,EurPJ D11 341 (00)
157Eu,0,15.2 h,5/2+,+1.50(2),,,"[151,153Eu]",CFBLS,1990Al34,ZP A337 257 (90)
158Eu,0,45.9 m,1(-),+1.44(2),,,"[151,153Eu]",CFBLS,1990Al34,ZP A337 257 (90)
159Eu,0,18.1 m,5/2+,+1.38(2),,,"[151,153Eu]",CFBLS,1990Al34,ZP A337 257 (90)
144Gd,3433,130 ns,10+,+12.76(14),,,,TDPAD,1979Ha15,PRL 42 1451 (79)
145Gd,0,22 m,1/2+,-0.74(5),,,,LS,2005BA64,PR C72 017301 (05)
146Gd,1580,1.1 ns,3-,+2.1(9),,,,TDPAD,1979Ke03,ZP A290 229 (79)
147Gd,0,38.1 h,7/2-,1.02(9),,,,NO/S,1987Kr11,HFI 34 69 (87)
148Gd,2695,16.5 ns,9-,-0.16(2),,,,TDPAD,1987Da27,PL 199B 26 (87)
149Gd,0,9.4 d,7/2-,0.88(4),,,,NO/S,1987Kr11,HFI 34 69 (87)
151Gd,0,120 d,7/2-,0.77(6),,,,NO/S,1987Be33,HFI 34 119 (87)
152Gd,344,28.6 ps,2+,+0.96(8),,,[156Gd 89],"RIGV, R",1974Ar23,NP A233 385 (74)
153Gd,0,241.6 d,3/2-,0.38(8),,,,NO/S,1985Al21,NP A445 189 (86)
154Gd,123,1.17 ns,2+,+0.96(6),,,[156Gd 89],"RIGV, R",1974Ar23,NP A233 385 (74)
155Gd,0,stable,3/2-,-0.2572(4),,,,ENDOR,1978Va24,JP C11 203 (78)
156Gd,89,2.21 ns,2+,+0.82(14),,,[158Gd 261],TF,1991St01,ZP A338 135 (91)
157Gd,0,stable,3/2-,-0.3398(7),,,[155Gd],"AB/D, ENDOR",1969Un02/1969Ba15,JP B2 122 (69)/JP C2 862 (69)
158Gd,80,2.52 ns,2+,+0.78(6),,,[158Gd 261],TF,1992Br07,PR C45 1549 (92)
159Gd,0,18.6 h,3/2-,-0.44(3),,,,NO/S,1971Kr19,PR C4 1942 (71)
160Gd,75,2.70 ns,2+,+.72(4),,,[156Gd 89],"RIGV, R",1974Ar23,NP A233 385 (74)
147Tb,0,1.7 h,1/2+,+1.70(5),,,[159Tb],CFBLS,1990Al36,ZP A337 367 (90)
148Tb,0,60 m,2-,-1.75(2),,,[159Tb],CFBLS,1990Al36,ZP A337 367 (90)
149Tb,0,4.12 h,1/2+,+1.35(2),,,[159Tb],CFBLS,1990Al36,ZP A337 367 (90)
150Tb,0 + x,3.48 h,2(-),-0.90(2),,,[159Tb],CFBLS,1990Al36,ZP A337 367 (90)
151Tb,0,17.6 h,1/2(+),+0.919(6),,,[159Tb],CFBLS,1990Al36,ZP A337 367 (90)
152Tb,0,17.5 h,2-,-0.58(2),,,[159Tb],CFBLS,1990Al36,ZP A337 367 (90)
153Tb,0,2.34 d,5/2+,+3.44(2),,,[159Tb],CFBLS,1990Al36,ZP A337 367 (90)
154Tb,0 + x,9.4 h,3-,+1.6(2),,,[159Tb],CFBLS,1990Al36,ZP A337 367 (90)
155Tb,0,5.32 d,3/2+,+2.01(2),,,[159Tb],CFBLS,1990Al36,ZP A337 367 (90)
156Tb,0,5.35 d,3-,1.7(2),,,[159Tb],NO/S,1983Be03,JP G9 213 (83)
157Tb,0,99 y,3/2+,+2.01(2),,,[159Tb],CFBLS,1990Al36,ZP A337 367 (90)
158Tb,0,150 y,3-,+1.758(7),,,[159Tb],EPR,1968Ea04,PR 170 1083 (68)
159Tb,0,stable,3/2+,+2.014(4),,,,"EPR, ENDOR",1965Ba49,PRS 286A 352 (65)
160Tb,0,72.1 d,3-,1.790(7),,,[159Tb],NMR/ON,1987Ma42,PRL 59 1764 (87)
161Tb,0,6.9 d,3/2+,2.2(1),,,[159Tb],NO/S,1983Ri15,HFI 15 83 (83)
147Dy,0,~1.3 m,(1/2+),-0.915(9),,,,CFBLS,1989Ra17,PC Neugart (87)
149Dy,0,4.23 m,7/2-,-0.119(7),,,[163Dy],CFBLS,1989Ra17,PC Neugart (87)
151Dy,0,17 m,7/2-,-0.945(7),,,,CFBLS,1989Ra17,PC Neugart (87)
152Dy,6129,9.9 ns,21-,+11.6(12),,,,TDPAD,1979Me01,PRL 42 23 (79)
153Dy,0,6.3 h,7/2-,-0.782(6),,,[163Dy],CFBLS,1989Ra17,PC Neugart (87)
154Dy,yrast,,2+,0.72(8),,,[calc],theory,1993Bi05/1993Bi09,NP A553 527c (93)/NP A555 643 (93)
155Dy,0,10.0 h,3/2-,-0.385(4),,,[163Dy],CFBLS,1989Ra17,PC Neugart (87)
156Dy,138,0.82 ns,2+,+0.78(8),,,,R,1984Ha39,PL 144B 341 (84)
157Dy,0,8.1 h,3/2-,-0.301(2),,,[163Dy],CFBLS,1989Ra17,PC Neugart (87)
158Dy,99,1.66 ns,2+,+0.72(5),,,,IPAC,1993Al09,ZP A345 273 (93)
159Dy,0,144 d,3/2-,-0.354(3),,,[163Dy],CFBLS,1989Ra17,PC Neugart (87)
160Dy,87,1.96 ns,2+,+0.74(2),,,,TDPAC,1973Ka25,PR C8 757 (73)
161Dy,0,stable,5/2+,-0.480(3),,,[163Dy],AB,1974Fe05,PL 49A 287 (74)
162Dy,81,2.25 ns,2+,+0.69(3),,,,RIGV,1970Be36/1973Ka25,NP A151 401 (70)/PR C8 757 (73)
163Dy,0,stable,5/2-,+0.673(4),,,,AB/D,1974Fe05,PL 49A 287 (74)
164Dy,73,2.39 ns,2+,+0.68(2),,,[161Dy],ME,1968Mu01,ZP 208 184 (68)
165Dy,0,2.33 h,7/2+,-0.520(5),,,[163Dy],AB,1968Ra03,PR 165 1360 (68)/PL 49A 287 (74)
152Ho,0,161.8 s,2-,-1.02(2),,,[165Ho],LRIMS,1989Al27,NP A504 549 (89)
153Ho,0,2.0 m,11/2-,+6.81(5),,,[165Ho],LRIMS,1989Al27,NP A504 549 (89)
154Ho,0,11.76 m,2-,-0.643(6),,,[165Ho],LRIMS,1989Al27,NP A504 549 (89)
155Ho,0,48 m,5/2+,+3.51(3),,,[165Ho],LRIMS,1989Al27,NP A504 549 (89)
156Ho,0,56 m,4(+),+2.99(3),,,[165Ho],LRIMS,1989Al27,NP A504 549 (89)
157Ho,0,12.6 m,7/2-,+4.35(3),,,[165Ho],LRIMS,1989Al27,NP A504 549 (89)
158Ho,0,11.3 m,5+,+3.77(3),,,[165Ho],LRIMS,1989Al27,NP A504 549 (89)
159Ho,0,35.05 m,7/2-,+4.28(3),,,[165Ho],LRIMS,1989Al27,NP A504 549 (89)
160Ho,0,25.6 m,5+,+3.71(3),,,[165Ho],LRIMS,1989Al27,NP A504 549 (89)
161Ho,0,2.48 h,7/2-,+4.25(3),,,[165Ho],LRIMS,1989Al27,NP A504 549 (89)
162Ho,106,67 m,6-,+3.60(4),,,[165Ho],LRIMS,1989Al27,NP A504 549 (89)
163Ho,0,4570 y,7/2-,+4.23(4),,,[165Ho],LRIMS,1989Al27,NP A504 549 (89)
165Ho,0,stable,7/2-,+4.17(3),,,,"AB/D, R",1974Da11,ZP 267 239 (74)
166Ho,6,1200 y,(7)-,3.60(16),,,,NO/S,1981Kr12,PR C24 654 (81)
152Er,2184,1.8 ns,8+,-0.6(6),,,,IPAD,1984AdZT,"Cf83Meguro, 155 (83)"
153Er,0,37.1 s,(7/2-),-0.939(7),,,[167Er],CFBLS,1987OtZW,CERN EP/87 51 (1987)
154Er,3016 + x,39 ns,11-,+0.169(13),,,,TDPAD,1984Ra11,PR C30 169 (84)
155Er,0,5.3 m,7/2-,-0.671(5),,,[167Er],CFBLS,1987OtZW,CERN EP/87 51 (1987)
156Er,345,33 ps,2+,0.80(12),,,,RIGV,1970No01,NP A142 577 (70)
157Er,0,25 m,3/2-,-0.414(3),,,[167Er],CFBLS,1987OtZW,CERN EP/87 51 (1987)
158Er,192,0.30 ns,2+,0.72(11),,,,RIGV,1970No01,NP A142 577 (70)
159Er,0,36 m,3/2-,-0.305(2),,,[167Er],CFBLS,1987OtZW,CERN EP/87 51 (1987)
160Er,126,0.919 ns,2+,+0.66(12),,,,PAC,2005WO06,PR C72 027301 (05)
161Er,0,3.21 h,3/2-,-0.367(3),,,[167Er],CFBLS,1987OtZW,CERN EP/87 51 (1987)
162Er,102,1.3 ns,2+,,< 0,,,CER,1981Hu02,PR C23 240 (81)
163Er,0,75.1 m,5/2-,+0.560(4),,,[167Er],CFBLS,1987OtZW,CERN EP/87 51 (1987)
164Er,92,1.48 ns,2+,0.697(15),,,[166Er 81],ME,1968Mu01,ZP 208 184 (68)
165Er,0,10.36 h,5/2-,+0.646(4),,,[167Er],CFBLS,1987OtZW,CERN EP/87 51 (1987)
166Er,81,1.85 ns,2+,+0.649(10),,,[167Er],ME,1981Ho31,HFI 11 29 (81)
167Er,0,stable,7/2+,-0.56385(12),,,,AB/D,1984Fo02,ZP A315 1 (84)
168Er,80,1.86 ns,2+,+0.62(6),,,,IPAC,1980Fu03,PR C21 2575 (80)
169Er,0,9.40 d,1/2-,+0.52(3),,,,AB/D,1963Do09,PR 131 1586 (63)
170Er,79,1.90 ns,2+,0.633(13),,,[166Er 81],ME,1969Wi04,PR 177 1786 (69)
171Er,0,7.52 h,5/2-,0.659(10),,,[167Er],AB,1964Bu09,PR 135 B1281 (64)
153Tm,0,1.48 s,(11/2-),6.93(11),,,[169Tm],LRIS,2000Ba16,PR C61 034304 (00)
154Tm,0,8.1 s,(2-),-1.14(2),,,[169Tm],LRIS,2000Ba16,PR C61 034304 (00)
156Tm,0,1.3 m,2-,+0.40(3),,,[169Tm],LRIMS,1987AlZb,LIYAF 1309 (1987)
157Tm,0,3.6 m,1/2+,+0.476(15),,,[169Tm],LRIMS,1988Al04,NP A477 37 (88)
158Tm,0,4.3 m,2-,+0.04(2),,,[169Tm],LRIMS,1988Al04,NP A477 37 (88)
159Tm,0,9.0 m,5/2+,+3.42(3),,,[169Tm],LRIMS,1988Al04,NP A477 37 (88)
160Tm,0,9.4 m,1-,+0.16(2),,,[169Tm],LRIMS,1988Al04,NP A477 37 (88)
161Tm,0,38 m,7/2+,+2.40(2),,,[169Tm],LRIMS,1988Al04,NP A477 37 (88)
162Tm,0,21 m,1-,+0.068(8),,,[169Tm],LRIMS,1988Al04,NP A477 37 (88)
163Tm,0,1.8 h,1/2+,-0.082(1),,,[169Tm],"AB, LRIMS",1967Dy01/1988Al04,BAPS 12 1046 (67)/NP A477 37 (88)
164Tm,0,2.0 m,1+,+2.38(3),,,[169Tm],LRIMS,1988Al04,NP A477 37 (88)
165Tm,0,30.06 h,1/2+,-0.139(2),,,[169Tm],"AB, LRIMS",1968Sc26/1988Al04,BAPS 13 1650 (68)/NP A477 37 (88)
166Tm,0,7.7 h,2+,+0.092(1),,,[169Tm],"AB, LRIMS",1988Al04/1972Ad14,NP A477 37 (88)/NP A198 380 (72)
167Tm,0,9.25 d,1/2+,-0.197(2),,,[169Tm],"AB, R, LRIMS",1973Ek01/1988Al04,PS 7 31 (73)/NP A477 37 (88)
168Tm,0,85 d,3+,+0.227(11),,,[169Tm],LRIMS,1988Al04,NP A477 37 (88)
169Tm,0,stable,1/2+,-0.2310(15) d,,,,AB,1967Gi04,ZP 199 244 (67)
170Tm,0,128.6 d,1+,+0.246(2),,,[169Tm],ABLS,1988Dy02,PR C38 2813 (88)
171Tm,0,1.92 y,1/2+,-0.228(4),,,[169Tm],"AB, R",1967Gi04/1964Bu09,ZP 199 244 (67)/PR 135B 1281 (64)
155Yb,0,1.59 s,(7/2-),-0.91(2),,,,LRIS,1998Ba08,EurPJ A1 3 (98)
157Yb,0,38.6 s,7/2-,-0.639(8),,,[171Yb],CFBLS,92Ku21,HFI 74 171 (92)
158Yb,band,,30 - 38,(+)0.20(7),,,,TF,1988KlZX,ANL-PHY-88-2 (88)
159Yb,0,1.58 m,5/2(-),-0.368(8),,,[171Yb],CFBLS,1992Ku21,HFI 74 171 (92)
160Yb,band,,~4+,+1.9(10),,,,IPAC,1990Lu02,ZP A335 369 (90)
161Yb,0,4.2 m,3/2-,-0.327(8),,,[173Yb],CFBLS,1983Ne13,HFI 15 181 (83)
162Yb,cont.,,20-32,g(avge) = 0.24(5),,,,TF,1984Ma10,PL 134B 153 (84)
163Yb,0,11.0 m,3/2-,-0.374(8),,,[173Yb],CFBLS,1983Ne13,HFI 15 181 (83)
164Yb,123,0.88 ns,2+,+0.64(10),,,,IPAC,2004Be13,PR C69 034320
165Yb,0,9.9 m,5/2-,+0.478(8),,,[173Yb],CFBLS,1983Ne13,HFI 15 181 (83)
167Yb,0,17.5 m,5/2-,+0.623(8),,,[173Yb],CFBLS,1983Ne13,HFI 15 181 (83)
169Yb,0,32.0 d,7/2+,-0.635(8),,,[173Yb],CFBLS,1983Ne13,HFI 15 181 (83)
170Yb,84,1.57 ns,2+,+0.674(8),,,[171Yb],ME,1968Mu01/1965Hu03,ZP 208 184 (68)/PL 15 269 (65)
171Yb,0,stable,1/2-,+0.49367(1),,,[23Na],OP/RD,1972Ol01,ZP 249 205 (72)
172Yb,79,1.80 ns,2+,+0.669(16),,,[171Yb],ME,1968Mu01,ZP 208 184 (1968)
173Yb,0,stable,5/2-,-0.648(3),,,[171Yb],CFBLS,1992Ku21,HFI 74 171 (92)
174Yb,77,1.79 ns,2+,+0.676(8),,,,ME,1971He03,ZP 241 138 (71)
175Yb,0,4.18 d,7/2-,0.768(8),,,[171Yb],CFBLS,1992Ku21,HFI 74 171 (92)
161Lu,0,77 s,1/2(+),+0.223(3),,,[175Lu],CFBLS,1998Ge13,EurPJ A3 225 (98)
162Lu,0,1.37 m,1-,+0.0553(11),,,[175Lu],CFBLS,1998Ge13,EurPJ A3 225 (98)
163Lu,0,238 s,1/2(+),+0.0769(10),,,[175Lu],CFBLS,1998Ge13,EurPJ A3 225 (98)
164Lu,0,3.14 m,1-,+0.0591(11),,,[175Lu],CFBLS,1998Ge13,EurPJ A3 225 (98)
165Lu,0,10.74 m,1/2(+),-0.0245(3),,,[175Lu],CFBLS,1998Ge13,EurPJ A3 225 (98)
166Lu,0,2.65 m,6-,+2.912(12),,,[175Lu],CFBLS,1998Ge13,EurPJ A3 225 (98)
167Lu,0,51.5 m,7/2+,+2.325(4),,,[175Lu],CFBLS,1998Ge13,EurPJ A3 225 (98)
168Lu,0,5.5 m,6-,+3.02(3),,,[175Lu],CFBLS,1998Ge13,EurPJ A3 225 (98)
169Lu,0,34.1 h,7/2+,2.295(4),,,[175Lu],CFBLS,1998Ge13,EurPJ A3 225 (98)
171Lu,0,8.24 d,7/2+,+2.293(4),,,[175Lu],CFBLS,1998Ge13,EurPJ A3 225 (98)
172Lu,0,6.70 d,4-,+2.900(10),,,[175Lu],CFBLS,1998Ge13,EurPJ A3 225 (98)
173Lu,0,1.37 y,7/2+,+2.281(2),,,[175Lu],CFBLS,1998Ge13,EurPJ A3 225 (98)
174Lu,0,3.3 y,1-,+1.988(5),,,[175Lu],CFBLS,1998Ge13,EurPJ A3 225 (98)
175Lu,0,stable,7/2+,+2.2323(11),,,,AB/D,1985Br09,NP A440 407 (85)
176Lu,0,3.6x10*10 y,7-,+3.162(12),,,[175Lu],CFBLS,1998Ge13,EurPJ A3 225 (98)
177Lu,0,6.71 d,7/2+,+2.239(7),,,[175Lu],CFBLS,1998Ge13,EurPJ A3 225 (98)
178Lu,0,28.4 m,1+,-1.377(9),,,[175Lu],CFBLS,1998Ge13,EurPJ A3 225 (98)
179Lu,0,4.59 h,7/2+,+2.375(12),,,[175Lu],CFBLS,1998Ge13,EurPJ A3 225 (98)
162Hf,>yrast,_,_,g(avge) = +0.21(4),,,,TF,1998We02,PR C57 621 (98)
163Hf,>yrast,_,_,g(avge) = +0.18(6),,,,TF,1998We02,PR C57 621 (98)
164Hf,>yrast,_,_,g(avge) = +0.23(3),,,,TF,1998We02,PR C57 621 (98)
165Hf,> yrast,_,_,g(avge) = +0.14(3),,,,TF,1996We01,PR C53 151 (96)
166Hf,> yrast,_,_,g(avge) = +0.19(4),,,,TF,1996We01,PR C53 151 (96)
168Hf,124,1.24 ps,2+,0.34(6),,,,IPAC,2012Wo03,PR C85 037304 (12)
170Hf,100,1.21 ns,2+,0.56(10),,,,IPAC,2007WO08,PR C76 047308 (07)
171Hf,0,12.1 h,7/2+,-0.674(12),,,,CFBLS,2000Ye02,JP G26 839 (00)
172Hf,95,1.28 ns,2+,0.50(10),,,,IPAC,2009BE42,PR C80 057303 (09)
173Hf,0,23.6 h,1/2-,+0.502(7),,,"[177,179Hf]",CFBLS,1999Le11,PRL 82 2476 (99)
174Hf,1549,138 ns,(6+),+5.42(5),,,,TDPAD,1980Wa23,NP A349 1 (80)
175Hf,0,70 d,5/2-,-0.677(9),,,,LRS,2002Ni12,PRL 88 094801 (02)
176Hf,88,1.47 ns,2+,+0.63(6),,,[180Hf],IPAC,1996Al20,ZP A355 363 (96)
177Hf,0,stable,7/2-,+0.7935(6),,,,AB/D,1973Bu07/1973Bu25,PL 43B 479 (73)/ZP 260 157 (73)
178Hf,93,1.47 ns,2+,+0.48(3),,,,CEAD,1968Be04,NP A109 201 (68)
179Hf,0,stable,9/2+,-0.6409(13),,,,AB/D,1973Bu25,PL 43B 479 (73)/ZP 260 157 (73)
180Hf,93,1.53 ns,2+,+0.61(3),,,,IPAC,1996Al20,ZP A355 363 (96)
169Ta,"170+x, 220","44, 54 ns","5/2-, 9/2-",,Q(5/2-)/Q(9/2-) = 1.87(13),,,TDPAD,2005Ku40,Eur.Phys.J A 26 311 (05)
171Ta,184,45 ns,9/2-,,(+)2.81(17),R,[181Ta],R,2013StZZ,IAEA Rept INDC(NDS)-0650 (2013)
173Ta,0,3.14 h,5/2-,1.70(3),,,,NMR/ON,1991Ko25,NP A534 344 (91)
175Ta,0,10.5 h,7/2+,2.27(5),,,[181Ta],NMR/ON,1984Oh07,JPJa 53 2479 (84)
177Ta,0,56.6 h,7/2+,2.25(5),,,[181Ta],NMR/ON,1984Oh07,JPJa 53 2479 (84)
178Ta,0 + x,9.3 m,1+,2.740(12),,,[181Ta 482],NMR/ON,1987Ni05,JPJa 56 492 (87)
179Ta,0,1.82 y,7/2+,+2.289(9),,,[181Ta],LRS,1996Wa02,PR C53 611 (96)
180Ta,75,>1.2x10*15y,9-,+4.825(11),,,,LRS,1994Wa34,PR A50 4639 (94)
181Ta,0,stable,7/2+,+2.3705(7),,,,N,1973Er17/1960Be23,JCP 59 3911 (73)/PR 120 1812 (60)
182Ta,0,115 d,3-,3.02(3),,,[183Ta],NMR/ON,1980Al27,HFI 8 229 (80)
183Ta,0,5.1 d,7/2+,(+)2.36(3),,,[181Ta],NMR/ON,1984Ed01/1980Al27,NP A413 247 (84)/HFI 8 229 (80)
168W,199,213 ps,2+,+0.50(10),,,,IMPAD,1986Bi11,PL 178B 145 (86)
175W,235,216 ns,7/2+,-0.65(2),,,,TDPAD,2000Io03,PL B495 289 (00)
176W,3746,41 ns,14+,+6.7(2),,,,TDPAD,2000Io03,PL B495 289 (00)
179W,3348,750 ns,35/2-,,+3.9(10),R,[calc efg],LEMS,2001Ba04,PRL 86 604 (01)
180W,104,1.22 ns,2+,0.51(3),,,[182W 100],ME,1973Zi02,ZP 262 413 (73)
182W,100,1.37 ns,2+,0.52(2),,,[184W 111],ME,1968Pe06,PR 170 1066 (68)
183W,0,stable,1/2-,+0.11778476(9),,,[2H],N,1974Sa25,ZNat 29a 1763 (74)
184W,111,1.25 ns,2+,+0.578(14),,,,IPAC,1984Al06,ZP A316 87 (84)
185W,0,75.1 d,3/2-,+0.543(14),,,[187W],NMR/ON,2004OH16,Hyp Int 159 277 (2004)
186W,123,1.05 ns,2+,0.62(3),,,,TF,1991St04,NP A528 447 (91)
187W,0,23.9 h,3/2-,0.621(15),,,,NMR/ON,1987Oh10,HFI 36 219 (87)
179Re,0,19.7 m,(5/2)+,2.8(4),,,,NO/S,1992Bo39,HFI 75 307 (92)
180Re,0,2.4 m,(1)-,1.6(2),,,,NO/S,1992Bo39,HFI 75 307 (92)
181Re,0,19.9 h,5/2+,3.19(7),,,"[185,187Re]",NMR/ON,1981Ha22,NP A363 269 (81)
182Re,0,64.0 h,7+,2.84(6),,,"[185,187Re]",NMR/ON,1981Ha22,NP A363 269 (81)
183Re,0,70.0 d,5/2+,3.168(15),,,[186Re],NMR/ON,1987Oh10,HFI 36 219 (87)
184Re,0,38.0 d,3-,(+)2.53(5),,,"[185,187Re]",NMR/ON,1981Ha22,NP A363 269 (81)
185Re,0,stable,5/2+,+3.1871(3),,,[23Na],N,1951Al11,PR 82 105 (51)
186Re,0,90.6 h,1-,+1.739(6),,,,AB/D,1965Ar01,PR 138 B310 (65)
187Re,0,4 x 10*10 y,5/2+,+3.2197(3),,,[23Na],N,1951Al11,PR 82 105 (51)
188Re,0,16.9 h,1-,+1.788(5),,,,AB/D,1965Ar01,PR 138 B310 (65)
182Os,7049,150 ns,25(+),+10.6(2),,,,TDPAD,1989Al19,PL B228 463 (89)
183Os,0,13.0 h,9/2+,(-)0.794(14),,,,NMR/ON,1980Ha24,ZP A295 345 (80)
184Os,120,1.18 ns,2+,,-2.7(12),R,[188Os 155],R,2013StZZ,IAEA Rept INDC(NDS)-0650 (2013)
186Os,137,830 ps,2+,+0.56(2),,,,"ME, CEAD",1970Wa06/1967Gi02,ZP 230 80 (70)/NP A91 85 (67)
187Os,0,stable,1/2-,+0.06465189(6),,,[2H],N,1974Sa25,ZNat 29a 1763 (74)
188Os,155,710 ps,2+,+0.58(2),,,,"IMPAC, R",1985St05,NP A435 635 (85)
189Os,0,stable,3/2-,+0.659933(4),,,[1H],N,1968Sc03/1954Lo36,PL 26A 258 (68)/PR 95 291 (54)
190Os,187,366 ps,2+,+0.69(3),,,,TF,1992ST06,ZP A342 373 (92)
191Os,0,15.4 d,9/2-,+0.96(3),,,,NMR/ON(β),1996Oh03,PR C54 1129
192Os,206,289 ps,2+,+0.79(2),,,,"IMPAC, R",1985St05,NP A435 635 (85)
193Os,0,30.5 h,3/2-,0.730(2),,,,NMR/ON,1989Ed01,PR C40 2246 (89)
180Ir,0,1.5 m,unknown,2.2(2) [I=3],,,,NO/S,1992Bo39,HFI 75 307 (92)
182Ir,0,15 m,3+,+2.6(2),,,[Ir191],LS,2006VE10,Eur Phys J A30 489 (06)
183Ir,0,55 m,5/2-,+2.40(8),,,[Ir191],LS,2006VE10,Eur Phys J A30 489 (06)
184Ir,0,3.14 h,5-,0.696(5),,,,NMR-ON,1988Oh02,JP G14 365 (88)
185Ir,0,14.4 h,5/2-,2.605(13),,,,NMR/ON,1988Oh02,JP G14 365 (88)
186Ir,0,16.64 h,5+,3.88(5),,,,NO/S,1982Al11,JP G8 857 (82)
187Ir,0,10.5 h,3/2+,+0.17(1),,,[Ir191],LS,2006VE10,Eur Phys J A30 489 (06)
188Ir,0,40.5 h,1(-),0.302(10),,,[193Ir],"NMR/ON, NO/S",1985Ed02,PR C32 582 (85)
189Ir,0,13.1 d,3/2+,+0.147(7),,,[Ir191],LS,2006VE10,Eur Phys J A30 489 (06)
190Ir,0,11.8 d,(4)+,0.04(1),,,,NO/S,1983Al15,JP G9 1125 (83)
191Ir,0,stable,3/2+,+0.1507(6),,,,AB/D,1984Bu15,PL 140B 17 (84)
192Ir,0,74.2 d,4-,1.924(10),,,[193Ir],NMR/ON,1980Ha25,ZP A295 385 (80)
193Ir,0,stable,3/2+,+0.1637(6),,,,AB/D,1984Bu15,PL 140B 17 (84)
194Ir,0,19.4 h,1-,0.39(1),,,[193Ir],NMR/ON,1982Ha28,ZP A306 73 (82)
179Pt,0,21.2 s,1/2-,+0.43(3),,,[195Pt],LRIMS,1999Le52,PR C60 054310 (99)
180Pt,153,370 ps,2+,0.70(16),,,[184Pt 163 ],PDCO,2002Ro36,NIMPR 489 469 (2002)
181Pt,0,51 s,1/2-,+0.48(2),,,[195Pt],LRIMS,1999Le52,PR C60 054310 (99)
182Pt,155,-,2+,0.46(8),,,[184Pt 163 ],PDCO,2002Ro36,NIMPR 489 469 (2002)
183Pt,0,6.5 m,1/2-,+0.502(5),,,[195Pt],LRIMS,1999Le52,PR C60 054310 (99)
184Pt,163,376 ps,2+,+0.56(6),,,,IPAC,1996St12,PRL 76 2246 (96)
185Pt,0,70.9 m,9/2+,-0.723(11),,,[195Pt],LRIMS,1999Le52,PR C60 054310 (99)
186Pt,192,260 ps,2+,+0.54(6),,,,IPAC,1996St12,PRL 76 2246 (96)
187Pt,0,2.35 h,3/2-,0.408(8),,,,NMR/ON,1990Ed01,HFI 59 83 (90)
188Pt,266,64 ps,2+,+0.58(8),,,,IPAC,1996St12,PRL 76 2246 (96)
189Pt,0,10.9 h,3/2-,-0.422(7),,,[195Pt],LRIMS,2000SaZZ/1989Du01,IPNO-DR 00-04/PL 217 401 (89)
190Pt,296,60 ps,2+,+0.57(3),,,"[194,196Pt 2+]",TF,1995An15,NP A593 212 (95)
191Pt,0,2.9 d,3/2-,-0.501(5),,,[195Pt],LRIMS,1989Du01,PL 217 401 (89)
192Pt,317,43.7 ps,2+,+0.57(3),,,,TDPAC,1992Al21/1992Bo20,NIMPR A321 506 (92)/ZP A342 249 (92)
193Pt,0,50 y,1/2-,+0.603(8),,,[195Pt],LRIMS,1992Hi07,ZP A342 1 (92)
194Pt,328,41.8 ps,2+,+0.60(3),,,,TF,1995An15,NP A593 212 (95)
195Pt,0,stable,1/2-,+0.60952(6),,,[23Na],N,1951Pr02,PR 81 20 (51)
196Pt,356,34 ps,2+,+0.59(5),,,,TF,1991St04,NP A528 447 (91)
197Pt,0,18.3 h,1/2-,0.51(2),,,,AB,1976Fu06,JPCR 5 835 (76)
198Pt,407,22.3 ps,2+,+0.63(2),,,"[194Pt328,",TF,1995An15,NP A593 212 (95)
182Au,0,21 s,unknown,1.30(10) [I=2],,,,TR/OLNO,1992Ro21,HFI 75 457 (92)
183Au,0,42 s,5/2-,+1.97(2),,,,LRIMS,1988Kr18,ZP A331 521 (88)
184Au,0,21 s,5,+2.07(2),,,,LRIS,1997Le22,PRL 79 2213 (97)
185Au,0,4.2 m,5/2-,+2.17(2),,,,LRIMS,1989Wa11/1987Wa06,NP A493 224 (89)/PRL 58 1516 (87)
186Au,0,10.7 m,3-,-1.28(3),,,,LRIMS,1990Sa21,NP A512 241 (90)
187Au,0,8.4 m,1/2+,+0.535(15),,,,LRIMS,1989Wa11/1987Wa06,NP A493 224 (89)/PRL 58 1516 (87)
188Au,0,8.8 m,1-,-0.07(3),,,,LRIMS,1989Wa11/1987Wa06,NP A493 224 (89)/PRL 58 1516 (87)
189Au,0,28.7 m,1/2+,+0.494(14),,,,LRIMS,1989Wa11/1987Wa06,NP A493 224 (89)/PRL 58 1516 (87)
190Au,0,42.8 m,1-,-0.065(7),,,,LRIMS,1990Sa21,NP A512 241 (90)
191Au,0,3.18 h,3/2+,+0.1369(9),,,,LRIMS,1994Pa37,NP A580 173 (94)
192Au,0,5.0 h,1-,-0.0107(15),,,,LRIMS,1994Pa37,NP A580 173 (94)
193Au,0,17.65 h,3/2+,0.1396(6),,,,NMR/ON,1993Hi10,NP A562 205 (93)
194Au,0,39.5 h,1-,+0.0763(13),,,,LRIMS,1994Pa37,NP A580 173 (94)
195Au,0,183 d,3/2+,0.1487(6),,,,NMR/ON,1993Hi10,NP A562 205 (93)
196Au,0,6.18 d,2-,+0.580(15),,,,LRIMS,1990Sa21,NP A512 241 (90)
197Au,0,stable,3/2+,+0.145746(9),,,,AB/D,1967Da04,ZP A200 456 (67)
198Au,0,2.696 d,2-,+0.64(2),,,,LRIMS,1990Sa21,NP A512 241 (90)
199Au,0,3.14 d,3/2+,+0.261(2),,,,LRIMS,1990Sa21,NP A512 241 (90)
200Au,962,18.7 h,12-,5.90(9),,,,NMR/ON,1984Ha45,PR C30 1675 (84)
181Hg,0,3.6 s,1/2(-),+0.5071(7),,,,NMR/OP(β),1976Bo09,ZP A276 203 (76)
183Hg,0,8.8 s,1/2-,+0.524(5),,,,NMR/OP(β),1976Bo09,ZP A276 203 (76)
185Hg,0,55 s,1/2-,+0.509(4),,,,NMR/OP(β),1986Ul02,ZP A325 247 (86)
187Hg,0,2.4 m,13/2+,-1.044(11),,,[193Hg 141],CLS,1979Da06,PL 82B 199 (79)
188Hg,2724,135 ns,12+,-2.02(12),,,,TDPAD,1983Se20,ZP A313 289 (83)
189Hg,0,7.6 m,3/2-,-0.6086(8),,,,NMR/OP(β),1986Ul02,ZP A325 247 (86)
190Hg,2621,21 ns,12+,-2.5(2),,,,TDPAD,1980Hj01,PRL 45 878 (80)
191Hg,0,49 m,3/2-,-0.618(11),,,[201Hg],NMR/OP(β),1986Ul02,ZP A325 247 (86)
193Hg,0,3.80 h,3/2-,-0.6276(2),,,[199Hg],NMR/OP,1971Mo24,PR C4 620 (71)
194Hg,2424,2.9 ns,10+,g(avge) = - 0.24(4),,,,IPAD,1980Kr21,PL 97B 197 (80)
195Hg,0,9.9 h,1/2-,+0.5414749(14),,,[199Hg],NMR/OP,1973Re04,PR C7 2065 (73)
196Hg,1841,5.2 ns,7-,-0.21(12),,,,IPAD,2006LE06,NP A764 24 (2006)
197Hg,0,64.1 h,1/2-,+0.5273744(9) d,,,[199Hg],NMR/OP,1973Re04,PR C7 2065 (73)
198Hg,412,23 ps,2+,+0.76(6),,,[199Hg 158],TF,1995Br34,ZP A353 141 (95)
199Hg,0,stable,1/2-,+0.5058855(9),,,[1H],NMR/OP,1961Ca21,AnP 6 467 (61)
200Hg,368,46.6 ps,2+,+0.65(5),,,[199Hg 158],TF,1995Br34,ZP A353 141 (95)
201Hg,0,stable,3/2-,-0.5602257(14),,,[199Hg],NMR/OP,1973Re04,PR C7 2065 (73)
202Hg,440,27.3 ps,2+,+0.78(6),,,[199Hg 158],TF,1995Br34,ZP A353 141 (95)
203Hg,0,46.8 d,5/2-,+0.84895(13),,,[201Hg],NMR/OP(β),1970Ki05/1964Re03,PL 31B 567 (70)/PL 8 257 (64)
204Hg,437,40.2 ps,2+,+0.9(2),,,[198Hg 412],TF,1986Ko02,NP A448 123 (86)
205Hg,0,5.2 m,1/2-,+0.60089(10),,,[199Hg],NMR/OP(β),1975Ro10,ZP A272 369 (75)
206Hg,2102,2.15 μs,5-,+5.45(5),,,,TDPAD,1982Be38,PR C26 914 (82)
183Tl,0,6.9 s,(1/2+),1.62(4),,,[205Tl],ISLS,2013Ba41,PR C88 024315 (2013)
184Tl,0+y,-,(2-),0.3(1),,,[205Tl],ISLS,2013Ba41,PR C88 024315 (2013)
185Tl,0,19.5 s,(1/2+),1.61(4),,,[205Tl],ISLS,2013Ba41,PR C88 024315 (2013)
186Tl,374,2.9 s,-10,2.57(6),,,[205Tl],ISLS,2013Ba41,PR C88 024315 (2013)
187Tl,0,51 s,(1/2+),1.55(6),,,[205Tl],CFBLS,1993ScZW,IoPconf132 221 (93)
188Tl,0 + x,71 s,7+,+0.483(8),,,est efg,CFBLS,1992Me07,ZP A341  475 (92)
189Tl,281,1.4 m,9/2-,+3.76(2),,,[205Tl],RIS,2012Ba32,PR C86 014311 (12)
190Tl,0 + x,2.6 m,2-,+0.254(2),,,"[203,205Tl]",CFBLS,1992Me07,ZP A341  475 (92)
191Tl,0,2.2 m,1/2+,+1.588(4),,,"[203,205Tl]",CFBLS,1992Me07,ZP A341  475 (92)
192Tl,0 + x,9.6 m,2-,+0.200(3),,,"[203,205Tl]",CFBLS,1992Me07,ZP A341  475 (92)
193Tl,0,21.6 m,1/2+,+1.591(2),,,"[203,205Tl]",CFBLS,1987Bo44,PR C36 2560 (87)
194Tl,0,34 m,2-,+0.140(3),,,"[203,205Tl]",CFBLS,1992Me07,ZP A341 475 (92)
195Tl,0,1.16 h,1/2+,+1.58(4),,,[205Tl],O,1969Go21,PR 188 1897 (69)
196Tl,0,1.84 h,2-,+0.072(3),,,"[203,205Tl]",CFBLS,1992Me07,ZP A341 475 (92)
197Tl,0,2.84 h,1/2+,+1.58(2),,,[205Tl],O,1966Da15,JOSA 56 1604 (66)
198Tl,0,5.3 h,2-,0.00(1),,,[203Tl],AB,1976Ek03/1984Be40,HFI 1 437 (76)/PS 30 164 (84)
199Tl,0,7.4 h,1/2+,+1.60(2),,,[205Tl],O,1966Da15,JOSA 56 1604 (66)
200Tl,0,26.1 h,2-,0.04(1),,,[203Tl],AB,1976Ek03/1984Be40,HFI 1 437 (76)/PS 30 164 (84)
201Tl,0,73 h,1/2+,+1.605(2),,,"[203,205Tl]",CFBLS,1987Bo44,PR C36 2560 (87)
202Tl,0,12.2 d,2-,0.06(1),,,[203Tl],AB,1976Ek03/1984Be40,HFI 1 437 (76)/PS 30 164 (84)
203Tl,0,stable,1/2+,+1.62225787(12),,,[1H],N,1963Ba23/1950Pr51,RSI 34 238 (63)/PR 79 35 (50)
204Tl,0,3.78 y,2-,0.09(1),,,,AB,1976Ek03,HFI 1 437 (76)
205Tl,0,stable,1/2+,+1.63821461(12),,,[1H],N,1963Ba23/1950Pr51,RSI 34 238 (63)/PR 79 35 (50)
206Tl,1405,78 ns,(5)+,+4.27(6),,,,TDPAD,1976Ha44,PL 64B 273 (76)
207Tl,0,4.77 m,1/2+,+1.876(5),,,[205Tl],CFBLS,1985Ne06,PRL 55 1559 (85)
208Tl,0,3.05 m,5(+),+0.292(13),,,[205Tl],LRSRD,1992La23,PRL 68 1675 (92)
183Pb,0,0.53 s,3/2-,-1.158(5),,,[207Pb],LRIS,2009SE13,Eur Phys J A41 315 (09)
185Pb,0,6.3 s,3/2-,-1.141(5),,,[207Pb],LRIS,2009SE13,Eur Phys J A41 315 (09)
187Pb,0,18.3 s,13/2+,-1.210(5),,,[207Pb],LRIS,2009SE13,Eur Phys J A41 315 (09)
188Pb,2577,797 ns,8-,-0.30(6),,,TDPA,TDPAD,2010IO01,PR C81 024323 (10)
189Pb,0,51 s,3/2-,-1.081(9),,,[207Pb],LRIS,2009SE13,Eur J Phys A41 315 (09)
191Pb,138,2.18 m,13/2+,-1.172(7),,,[207Pb],CFBLS,1991Du07,ZP A341 39 (91)
192Pb,2581+d,1.07 μs,12+,-2.1(2),,,,TDPAD,2010KM01,Eur Phys J 45 153 (2010)
193Pb,100,5.8 m,13/2+,-1.150(7),,,[207Pb],CFBLS,1991Du07,ZP A341 39 (91)
194Pb,2407,18 ns,9-,-0.38(14),,,,TDPAD,2004VY01,PR C69 064318 (04)
195Pb,203,15.0 m,13/2+,-1.128(7),,,[207Pb],CFBLS,1991Du07,ZP A341 39 (91)
196Pb,1797,185 ns,5-,+0.490(15),,,,TDPAD,1985St16,ZP A322 83 (85)
197Pb,0,8 m,3/2-,-1.075(2),,,[207Pb],ABLFS,1986An06,NP A451 471 (86)
198Pb,1823,49 ns,5-,+0.38(3),,,,TDPAD,1985St16,ZP A322 83 (85)
199Pb,0,1.5 h,3/2-,-1.0742(12),,,[207Pb],ABLFS,1986An06,NP A451 471 (86)
200Pb,2154,44 ns,7-,-0.21(10),,,,TDPAD,1985St16,ZP A322 83 (85)
201Pb,0,9.33 h,5/2-,+0.6753(5),,,[207Pb],ABLFS,1986An06,NP A451 471 (86)
202Pb,1384,1.97 ns,4+,+0.008(16),,,,IPAC,1977Th02,ZP A280 371 (77)
203Pb,0,51.9 h,5/2-,+0.6864(5),,,[207Pb],ABLFS,1986An06,NP A451 471 (86)
204Pb,899,2.94 ps,2+,<0.02,,,,"RIGV, R",1986Bi13,HFI 30 265 (86)
205Pb,0,1.5x10*7y,5/2-,+0.7117(4),,,[207Pb],ABLFS,1986An06,NP A451 471 (86)
206Pb,803,8.4 ps,2+,<0.03,,,,"RIV/D, R",1986Bi13,HFI 30 265 (86)
207Pb,0,stable,1/2-,+0.592583(9),,,[2H],N,1971Lu06/1950Pr51,PL 35A 397 (71)/PR 79 35 (50)
208Pb,2615,15 ps,3-,+1.9(2),,,,IPAC,1973Ao01/1969Bo12,JPJS 34 271 (73)/PL 29B 226 (69)
209Pb,0,3.25 h,9/2+,-1.4735(16),,,[207Pb],ABLFS,1986An06,NP A451 471 (86)
210Pb,1195,49 ns,6+,-1.87(9),,,,TDPAD,1983De34,PR C28 1060 (83)
211Pb,0,36.1 m,9/2+,-1.4037(8),,,[207Pb],ABLFS,1986An06,NP A451 471 (86)
199Bi,0,11.8 h,9/2-,4.6(4),,,,NO/S,1988Wo12,HFI 43 401 (88)
201Bi,0,108 m,9/2-,4.8(3),,,,NO/S,1988Wo12,HFI 43 401 (88)
202Bi,0,1.72 h,5+,4.9(3),,,,NO/S,1988Wo12,HFI 43 401 (88)
203Bi,0,11.8 h,9/2-,+4.017(13),,,[209Bi],LRFS,1996Ca02,NP A598 61 (96)
204Bi,0,11.22 h,6+,+4.322(15),,,[209Bi],LRFS,1996Ca02,NP A598 61 (96)
205Bi,0,15.3 d,9/2-,+4.065(7),,,[209Bi],LRFS,1997Ki15,PL B405 31 (97)
206Bi,0,6.243 d,6+,+4.361(8),,,[209Bi],LRFS,1997Ki15,PL B405 31 (97)
207Bi,0,32.2 y,9/2-,4.0915(9),,,[209Bi],LRFS,2000Pe30,JP G26 1829 (00)
208Bi,0,3.7x10*5 y,5+,+4.578(13),,,[209Bi],LRFS,2000Pe30,JP G26 1829 (00)
209Bi,0,stable,9/2-,+4.1103(5) d,,,,R,1996Ba94,ZP D37 281 (96)
210Bi,0,5.01 d,1-,-0.04451(6),,,[209Bi],"AB, NO/S",1962Al02,PR 125 256 (62)/JPJS 34 113 (73)
211Bi,0,2.1 m,9/2-,(+)3.79,,,,NO/S,1996Wi**,HFI C1 565 (96)
212Bi,0,60.6 m,1(-),+0.32(4),,,[209Bi],LRFS,1997KI15,PL B405 31 (97)
213Bi,0,45.6 m,9/2-,+3.716(7),,,[209Bi],LRFS,1997KI15,PL B405 31 (97)
198Po,1854,29 ns,8+,+7.3(2),,,,TDPAD,1986Ma31,ZP A324 123 (86)
199Po,310,4.2 m,13/2+,0.99(7),,,,NO/S,1991Wo04,JP G17 1673 (91)
200Po,1774,61 ns,8+,+7.44(16),,,,TDPAD,1986Ma31,ZP A324 123 (86)
201Po,0,15.3 m,3/2-,0.94(8),,,,NO/S,1991Wo04,JP G17 1673 (91)
202Po,1712,110 ns,8+,7.45(12),,,,TDPAD,1976Ha56,NP A273 253 (76)
203Po,0,36.7 m,5/2-,0.74(6),,,,NO/S,1991Wo04,JP G17 1673 (91)
204Po,1639,158 ns,8+,+7.38(10),,,,SOPAD,1973Br14,NP A206 452 (73)
205Po,0,1.66 h,5/2-,+0.76(6),,,[207Po],NMR/ON,1983He09,ZP A311 351 (83)
206Po,1586,212 ns,8+,+7.34(7),,,,"SOPAD, TDPAD",1973Br14,NP A211 38 (73)/NP A206 452 (73)
207Po,0,5.79 h,5/2-,+0.79(6),,,,NMR/ON,1983He09,ZP A311 351 (83)
208Po,1524,4.3 ns,6+,+5.3(6),,,[Bhf PoNi],"TDPAD, R",1982Ha16/1983He09,ZP A305 1 (82)/ZP A311 351 (83)
209Po,0,102 y,1/2-,0.68(8),,,,O,1966Ch**,JOSA 56 1292 (66)
210Po,1473,43 ns,6+,5.48(5),,,,TDPAD,1976Ha56,NP A273 253 (76)
211Po,1065,16 ns,15/2-,-0.38(15),,,,IPAD,1989Ra17,JPJS 34 287 (73)
207At,2117,108 ns,25/2+,+3.75(13),,,[208Po 1528],TDPAD,1978Sj01/1981Sj01,PL 76B 397 (78)/PR C23 272 (81)
208At,1090,48 ns,10-,+2.69(3),,,,TDPAD,1985No09,ZP A322 463 (85)
209At,1428,26 ns,21/2-,+10.0(2),,,,TDPAD,1976Sj01,PR C14 1023 (76)
210At,1363,28.4 ns,11+,+9.8(3),,,,TDPAD,,ARRIP 140 (74)
211At,1417,35.1 ns,21/2-,+9.56(9),,,,TDPAD,1976Ha62/1975In01,HFI 2 334 (76)/PR C11 243 (75)
212At,888,19.4 ns,11+,5.94(11),,,,TDPAD,1994By01,NP A567 445 (94)
217At,0,32 ms,9/2-,3.8(2),,,,NO/S,1992Li26,HFI 75 323 (92)
203Rn,361,28 s,(13/2+),-0.960(11),,,[209Rn],CFBLS,1987Bo29,HFI 34 25 (87)
205Rn,0,2.83 m,5/2-,+0.802(9),,,[209Rn],CFBLS,1987Bo29,HFI 34 25 (87)
206Rn,1922,13.5 ns,8+,6.6(4),,,,TDPAD,1981Ma28,HFI 9 87 (81)
207Rn,0,9.3 m,5/2-,+0.816(9),,,[209Rn],CFBLS,1987Bo29,HFI 34 25 (87)
208Rn,1826,490 ns,8+,6.98(8),,,,TDPAD,1981Ma28,HFI 9 87 (81)
209Rn,0,29 m,5/2-,(+)0.8388(4),,,[129Xe 236],"N, OP/RD",1988Ki03,PRL 60 2133 (88)
210Rn,1665+x,644 ns,(8+),7.18(6),,,,TDPAD,1986Po01,NP A448 189 (86)
211Rn,0,14.6 h,1/2-,+0.601(7),,,[209Rn],CFBLS,1988Ki03,PRL 60 2133 (88)
212Rn,1502,8.8 ns,4+,4.0(2),,,,TDPAD,1988St17,NP A486 397 (88)
213Rn,1664,29 ns,21/2+,4.73(11),,,,TDPAD,1988St10,NP A482 692 (88)
219Rn,0,3.96 s,5/2+,-0.442(5),,,[209Rn],"CFBLS, R",1988Ki03,PRL 60 2133 (88)
221Rn,0,25 m,(7/2+),-0.020(1),,,[209Rn],CFBLS,1988Ki03,PRL 60 2133 (88)
222Rn,186,0.32 ns,2+,+0.92(14),,,,IPAC,1970Or02,NP A148 516 (70)
223Rn,0,23.2 m,7/2,-0.776(8),,,[209Rn],CFBLS,1988Ki03,PRL 60 2133 (88)
225Rn,0,4.5 m,7/2-,-0.696(8),,,[209Rn],CFBLS,1988Ki03,PRL 60 2133 (88)
202Fr,0,0.30 s,(3+),+3.90(5),,,[211Fr],CLS,2013Fl09,PRL 111 212501 (2013)
203Fr,0,0.55s,(9/2-),+3.73(4),,,[211Fr],CLS,2013Fl09,PRL 111 212501 (2013)
204Fr,0,1.8 s,3+,+4.02(6),,,[211Fr],CLS,2013Vo10,PRL 111 122501 (2013)
205Fr,0,3.9 s,9/2-,+3.81(5),,,[211Fr],CLS,2013Fl09,PRL 111 212501 (2013)
206Fr,0,16 s,3+,+3.97(6),,,[211Fr],CLS,2013Vo10,PRL 111 122501 (2013)
207Fr,0,14.8 s,9/2-,+3.89(8),,,[211Fr],ABLS,1985Co24,PL 163B 66 (85)
208Fr,0,58.6 s,7+,+4.75(10),,,[211Fr],ABLS,1985Co24/1986Ek02,PL 163B 66 (85)/PS 34 624 (86)
209Fr,0,50 s,9/2-,+3.95(8),,,[211Fr],ABLS,1985Co24/1986Ek02,PL 163B 66 (85)/PS 34 624 (86)
210Fr,0,3.2 m,6+,+4.38(5),,,[211Fr],TLS,2008GO11,PRL 100 172502 (08)
211Fr,0,3.1 m,9/2-,+4.00(8),,,,AB/D,1986Ek02,PS 34 624 (86)
212Fr,0,19.3 m,5+,+4.62(9),,,[211Fr],ABLS,1985Co24,PL 163B 66 (85)
213Fr,0,34.7 s,9/2-,+4.02(8),,,[211Fr],ABLS,1985Co24/1986Ek02,PL 163B 66 (85)/PS 34 624 (86)
214Fr,640,103 ns,11+,"+5.62(7) K, d",,,[213Fr 2538],TDPAD,1994By01,NP A567 445 (94)
212Ra,1958,10.9 μs,8+,7.10(7),,,,SOPAD,1986Ko01,PR C33 392 (86)
213Ra,0,2.7 m,1/2-,+0.613(2),,,[137Ba],CFBLS,1987Ar20/1988Ah02,PRL 59 771 (87)/NP A483 244 (88)
214Ra,1865,67μs,8+,7.08(3),,,,SOPAD,1977Be56/1978Ha50,HFI 3 397 (77)/HFI 4 219 (78)
215Ra,3757+x,800 ns,(43/2-),15.78 (15),,,,SOPAD,1989Ra17,ARTIT 52 (85)
216Ra,1508,0.5 ns,6+,g(avge) = 0.1(3),,,,TDPAD,1990Sc29,HFI 59 165 (90)
221Ra,0,30 s,5/2-,-0.180(2),,,"[213,225Ra]","CFBLS, R",1988Ah02/1987Ar20,NP A483 244 (88)/PRL 59 771 (87)
223Ra,0,11.44 d,3/2+,+0.271(2),,,"[213,225Ra]","CFBLS, R",1988Ah02/1987Ar20,NP A483 244 (88)/PRL 59 771 (87)
224Ra,84,0.74 ns,2+,+0.9(2),,,,IPAC,1973He13,ZP 260 57 (73)
225Ra,0,14.8 d,1/2-,-0.7338(15),,,[137Ba],CFBLS,1987Ar20/1988Ah02,PRL 59 771 (87)/NP A483 244 (88)
227Ra,0,42.2 m,3/2+,-0.404(2),,,"[213,225Ra]","CFBLS, R",1988Ah02/1987Ar20,NP A483 244 (88)/PRL 59 771 (87)
229Ra,0,4.0 m,5/2(+),+0.503(3),,,"[213,225Ra]","CFBLS, R",1988Ah02/1987Ar20,NP A483 244 (88)/PRL 59 771 (87)
215Ac,1621,30 ns,17/2-,7.82(16),,,,TDPAD,1983De08,ZP A310 55(83)
217Ac,0,69 ns,9/2-,+3.83(5),,,,TDPAD,1985De14,NP A436 311 (85)
227Ac,0,21.77 y,3/2-,+1.1(1),,,,O,1955Fr26,PR 98 1514 (55)/PR 111 1747 (58)
229Th,0,7340 y,5/2+,+0.46(4),,,[239Pu],O,1974Ge06,JPPa 35 483 (74)
232Th,gsband,,,g(18-24)>g(10-16),,,,TF,1992Ha03,PRL 48 383 (82)
228Pa,0,22 h,(3+),3.5(5),,,,NO/S,1989He07,NP A493 83 (89)
230Pa,0,17.4 d,(2-),2.0(2),,,,NO/S,1989He07,NP A493 83 (89)
231Pa,0,3.3x10*4y,3/2-,2.01(2),,,,ENDOR,1961Ax01,PR 121 1630 (61)
233Pa,0,27.0 d,3/2-,4.0(7),,,,NO/S,1989Ra17,ARISKP (84)
233U,0,1.6x10*5y,5/2+,μ/μ(ref),,,[235U],ABLS,1990Ga28,BRASP 54 (5) 13 (90)
235U,0,7.0x10*8y,7/2-,-0.38(3),,,,CFBLS,1983Ni08,PRL 51 1749 (83)
238U,gsband,,,g(18-24)>g(10-16),,,,TF,1992Ha03,PRL 48 383 (82)
237Np,0,2.1x10*6y,5/2+,+3.14(4),,,,"EPR, R",1970Le29,JCP 53 809 (70)
239Np,75,1.40 ns,5/2-,+2.0(3),,,[237Np 60],IPAC,1967Gu08,NP A104 588 (67)
237Pu,~2300,85 ns,(3/2),-0.68(5),,,,TDPAD,1982Ra04/1982Ra04,PRL 48 982 (82)/PRL 49 244(E) (82)
239Pu,0,2.4x10*4y,1/2+,+0.203(4),,,,AB/D,1965Fa02,PL 16 71 (65)
241Pu,0,14.4 y,5/2+,-0.683(15),,,[239Pu],O,1969Ge04,Phca 42 581 (69)
239Am,~2500,163 ns,(7/2+),(+)2.6(2),,,,TDPAD,1985Ra28,PL163B 327 (85)
241Am,0,432.7 y,5/2-,+1.58(1),,,,ABLS,1990Iz01,JRNC 143 93 (90)
242Am,0,16.0 h,1-,+0.3879(15),,,,AB/D,1966Ar04,PR 144 994 (66)
243Am,0,7370 y,5/2-,+1.503(14),,,[241Am],ABLS,1990Iz01,JRNC 143 93 (90)
243Cm,0,28.5 y,5/2+,0.40(8),,,[241Am],EPR,1973Ab03,PL 44A 527 (73)
245Cm,0,8500 y,7/2+,0.5(1),,,[241Am],EPR,1970Ab03,PR B1 3555 (70)
247Cm,0,1.6x10*7y,9/2-,0.36(7),,,[241Am],EPR,1973Ab03,PL 44A 527 (73)
249Bk,0,320 d,7/2+,2.0(4),,,[241Am],EPR,1972Bo67,PL 42A 93 (72)
253Es,0,20.4 d,7/2+,+4.10(7),,,,AB/D,1975Go05,PR A11 499 (75)
254Es,0,276 d,(7+),4.4(4),,,[253Es],NO,2009Se09,PR C79 064322 (09)
